create table UserExamples (
	userID INT,
	LastSeen DATE,
	MarkedForRemoval VARCHAR(50)
);
insert into UserExamples (userID, LastSeen, MarkedForRemoval) values (1, '12/8/2022', false);
insert into UserExamples (userID, LastSeen, MarkedForRemoval) values (2, '8/15/2023', true);
insert into UserExamples (userID, LastSeen, MarkedForRemoval) values (3, '10/22/2023', true);
insert into UserExamples (userID, LastSeen, MarkedForRemoval) values (4, '11/29/2025', false);
insert into UserExamples (userID, LastSeen, MarkedForRemoval) values (5, '7/22/2023', true);
insert into UserExamples (userID, LastSeen, MarkedForRemoval) values (6, '5/11/2022', true);
insert into UserExamples (userID, LastSeen, MarkedForRemoval) values (7, '11/5/2022', false);
insert into UserExamples (userID, LastSeen, MarkedForRemoval) values (8, '9/10/2023', true);
insert into UserExamples (userID, LastSeen, MarkedForRemoval) values (9, '1/11/2021', false);
insert into UserExamples (userID, LastSeen, MarkedForRemoval) values (10, '2/20/2023', false);
insert into UserExamples (userID, LastSeen, MarkedForRemoval) values (11, '11/22/2022', false);
insert into UserExamples (userID, LastSeen, MarkedForRemoval) values (12, '3/20/2025', false);
insert into UserExamples (userID, LastSeen, MarkedForRemoval) values (13, '11/8/2023', true);
insert into UserExamples (userID, LastSeen, MarkedForRemoval) values (14, '1/23/2022', true);
insert into UserExamples (userID, LastSeen, MarkedForRemoval) values (15, '9/18/2022', true);
insert into UserExamples (userID, LastSeen, MarkedForRemoval) values (16, '12/26/2023', true);
insert into UserExamples (userID, LastSeen, MarkedForRemoval) values (17, '5/19/2021', true);
insert into UserExamples (userID, LastSeen, MarkedForRemoval) values (18, '2/16/2022', false);
insert into UserExamples (userID, LastSeen, MarkedForRemoval) values (19, '8/12/2021', false);
insert into UserExamples (userID, LastSeen, MarkedForRemoval) values (20, '4/23/2022', false);
insert into UserExamples (userID, LastSeen, MarkedForRemoval) values (21, '12/25/2023', false);
insert into UserExamples (userID, LastSeen, MarkedForRemoval) values (22, '11/30/2025', true);
insert into UserExamples (userID, LastSeen, MarkedForRemoval) values (23, '11/8/2024', true);
insert into UserExamples (userID, LastSeen, MarkedForRemoval) values (24, '3/4/2024', false);
insert into UserExamples (userID, LastSeen, MarkedForRemoval) values (25, '5/8/2021', false);
insert into UserExamples (userID, LastSeen, MarkedForRemoval) values (26, '6/10/2022', true);
insert into UserExamples (userID, LastSeen, MarkedForRemoval) values (27, '3/25/2022', false);
insert into UserExamples (userID, LastSeen, MarkedForRemoval) values (28, '5/23/2025', true);
insert into UserExamples (userID, LastSeen, MarkedForRemoval) values (29, '12/5/2025', false);
insert into UserExamples (userID, LastSeen, MarkedForRemoval) values (30, '10/10/2024', false);
insert into UserExamples (userID, LastSeen, MarkedForRemoval) values (31, '7/17/2025', true);
insert into UserExamples (userID, LastSeen, MarkedForRemoval) values (32, '9/9/2022', true);
insert into UserExamples (userID, LastSeen, MarkedForRemoval) values (33, '12/14/2023', false);
insert into UserExamples (userID, LastSeen, MarkedForRemoval) values (34, '1/13/2023', true);
insert into UserExamples (userID, LastSeen, MarkedForRemoval) values (35, '10/27/2025', true);
insert into UserExamples (userID, LastSeen, MarkedForRemoval) values (36, '7/12/2025', false);
insert into UserExamples (userID, LastSeen, MarkedForRemoval) values (37, '10/1/2024', true);
insert into UserExamples (userID, LastSeen, MarkedForRemoval) values (38, '2/13/2025', true);
insert into UserExamples (userID, LastSeen, MarkedForRemoval) values (39, '7/1/2023', false);
insert into UserExamples (userID, LastSeen, MarkedForRemoval) values (40, '1/12/2024', true);
insert into UserExamples (userID, LastSeen, MarkedForRemoval) values (41, '6/9/2024', false);
insert into UserExamples (userID, LastSeen, MarkedForRemoval) values (42, '10/29/2025', false);
insert into UserExamples (userID, LastSeen, MarkedForRemoval) values (43, '2/9/2021', false);
insert into UserExamples (userID, LastSeen, MarkedForRemoval) values (44, '5/12/2021', true);
insert into UserExamples (userID, LastSeen, MarkedForRemoval) values (45, '12/5/2023', false);
insert into UserExamples (userID, LastSeen, MarkedForRemoval) values (46, '6/4/2023', true);
insert into UserExamples (userID, LastSeen, MarkedForRemoval) values (47, '8/25/2024', false);
insert into UserExamples (userID, LastSeen, MarkedForRemoval) values (48, '12/12/2022', false);
insert into UserExamples (userID, LastSeen, MarkedForRemoval) values (49, '5/3/2024', false);
insert into UserExamples (userID, LastSeen, MarkedForRemoval) values (50, '4/20/2023', true);
insert into UserExamples (userID, LastSeen, MarkedForRemoval) values (51, '2/8/2024', false);
insert into UserExamples (userID, LastSeen, MarkedForRemoval) values (52, '11/22/2024', true);
insert into UserExamples (userID, LastSeen, MarkedForRemoval) values (53, '5/16/2024', false);
insert into UserExamples (userID, LastSeen, MarkedForRemoval) values (54, '4/10/2022', true);
insert into UserExamples (userID, LastSeen, MarkedForRemoval) values (55, '1/15/2021', true);
insert into UserExamples (userID, LastSeen, MarkedForRemoval) values (56, '9/18/2024', true);
insert into UserExamples (userID, LastSeen, MarkedForRemoval) values (57, '6/25/2023', true);
insert into UserExamples (userID, LastSeen, MarkedForRemoval) values (58, '10/29/2023', true);
insert into UserExamples (userID, LastSeen, MarkedForRemoval) values (59, '5/13/2025', true);
insert into UserExamples (userID, LastSeen, MarkedForRemoval) values (60, '5/4/2022', false);
insert into UserExamples (userID, LastSeen, MarkedForRemoval) values (61, '3/20/2025', false);
insert into UserExamples (userID, LastSeen, MarkedForRemoval) values (62, '2/9/2025', false);
insert into UserExamples (userID, LastSeen, MarkedForRemoval) values (63, '1/26/2023', true);
insert into UserExamples (userID, LastSeen, MarkedForRemoval) values (64, '7/20/2022', false);
insert into UserExamples (userID, LastSeen, MarkedForRemoval) values (65, '2/3/2024', true);
insert into UserExamples (userID, LastSeen, MarkedForRemoval) values (66, '12/3/2024', false);
insert into UserExamples (userID, LastSeen, MarkedForRemoval) values (67, '9/14/2021', true);
insert into UserExamples (userID, LastSeen, MarkedForRemoval) values (68, '10/29/2025', false);
insert into UserExamples (userID, LastSeen, MarkedForRemoval) values (69, '4/7/2023', true);
insert into UserExamples (userID, LastSeen, MarkedForRemoval) values (70, '11/7/2024', true);

create table AccountExamples (
	AccountID INT,
	AccountType VARCHAR(50),
	AppID INT,
	UserID INT,
	ProfilePicture VARCHAR(50),
	ProfileDescription VARCHAR(50)

);
insert into AccountExamples (AccountID, AccountType, AppID, UserID, ProfilePicture, ProfileDescription) values (1, 'Product Engineer', 59, 41, 'https://robohash.org/etvoluptatibusut.png?size=50x50&set=set1', 'Down-sized 24/7 productivity');
insert into AccountExamples (AccountID, AccountType, AppID, UserID, ProfilePicture, ProfileDescription) values (2, 'VP Quality Control', 13, 45, 'https://robohash.org/utquaequi.png?size=50x50&set=set1', 'Virtual bifurcated middleware');
insert into AccountExamples (AccountID, AccountType, AppID, UserID, ProfilePicture, ProfileDescription) values (3, 'Media Manager II', 55, 48, 'https://robohash.org/dolorexercitationemlaudantium.png?size=50x50&set=set1', 'Quality-focused dynamic secured line');
insert into AccountExamples (AccountID, AccountType, AppID, UserID, ProfilePicture, ProfileDescription) values (4, 'Internal Auditor', 33, 21, 'https://robohash.org/eostemporaet.png?size=50x50&set=set1', 'Devolved bi-directional architecture');
insert into AccountExamples (AccountID, AccountType, AppID, UserID, ProfilePicture, ProfileDescription) values (5, 'Research Associate', 34, 23, 'https://robohash.org/adipiscidolorerem.png?size=50x50&set=set1', 'Enhanced optimal algorithm');
insert into AccountExamples (AccountID, AccountType, AppID, UserID, ProfilePicture, ProfileDescription) values (6, 'Structural Analysis Engineer', 16, 6, 'https://robohash.org/reprehenderiteiusquibusdam.png?size=50x50&set=set1', 'Profit-focused dynamic superstructure');
insert into AccountExamples (AccountID, AccountType, AppID, UserID, ProfilePicture, ProfileDescription) values (7, 'Biostatistician I', 22, 12, 'https://robohash.org/possimusvoluptasvoluptas.png?size=50x50&set=set1', 'Decentralized even-keeled instruction set');
insert into AccountExamples (AccountID, AccountType, AppID, UserID, ProfilePicture, ProfileDescription) values (8, 'Design Engineer', 6, 15, 'https://robohash.org/deseruntautemsed.png?size=50x50&set=set1', 'Enhanced real-time projection');
insert into AccountExamples (AccountID, AccountType, AppID, UserID, ProfilePicture, ProfileDescription) values (9, 'Web Developer III', 18, 33, 'https://robohash.org/cumquetotamasperiores.png?size=50x50&set=set1', 'Extended systemic conglomeration');
insert into AccountExamples (AccountID, AccountType, AppID, UserID, ProfilePicture, ProfileDescription) values (10, 'Occupational Therapist', 70, 5, 'https://robohash.org/distinctioutsapiente.png?size=50x50&set=set1', 'User-friendly heuristic migration');
insert into AccountExamples (AccountID, AccountType, AppID, UserID, ProfilePicture, ProfileDescription) values (11, 'Database Administrator II', 36, 38, 'https://robohash.org/nihilfaceremollitia.png?size=50x50&set=set1', 'Configurable intermediate matrix');
insert into AccountExamples (AccountID, AccountType, AppID, UserID, ProfilePicture, ProfileDescription) values (12, 'Pharmacist', 65, 16, 'https://robohash.org/aliquidnequeofficia.png?size=50x50&set=set1', 'Realigned bottom-line ability');
insert into AccountExamples (AccountID, AccountType, AppID, UserID, ProfilePicture, ProfileDescription) values (13, 'Project Manager', 19, 25, 'https://robohash.org/adipisciquasquia.png?size=50x50&set=set1', 'Realigned responsive internet solution');
insert into AccountExamples (AccountID, AccountType, AppID, UserID, ProfilePicture, ProfileDescription) values (14, 'Operator', 48, 65, 'https://robohash.org/aevenietofficiis.png?size=50x50&set=set1', 'Versatile incremental protocol');
insert into AccountExamples (AccountID, AccountType, AppID, UserID, ProfilePicture, ProfileDescription) values (15, 'Engineer II', 18, 33, 'https://robohash.org/ipsaetquisquam.png?size=50x50&set=set1', 'Upgradable neutral framework');
insert into AccountExamples (AccountID, AccountType, AppID, UserID, ProfilePicture, ProfileDescription) values (16, 'Senior Financial Analyst', 32, 61, 'https://robohash.org/itaqueetnon.png?size=50x50&set=set1', 'Advanced executive open system');
insert into AccountExamples (AccountID, AccountType, AppID, UserID, ProfilePicture, ProfileDescription) values (17, 'Automation Specialist III', 48, 19, 'https://robohash.org/quisporroquis.png?size=50x50&set=set1', 'Stand-alone disintermediate help-desk');
insert into AccountExamples (AccountID, AccountType, AppID, UserID, ProfilePicture, ProfileDescription) values (18, 'GIS Technical Architect', 61, 31, 'https://robohash.org/nemorerumomnis.png?size=50x50&set=set1', 'Grass-roots maximized monitoring');
insert into AccountExamples (AccountID, AccountType, AppID, UserID, ProfilePicture, ProfileDescription) values (19, 'Editor', 30, 39, 'https://robohash.org/etconsecteturdicta.png?size=50x50&set=set1', 'Reverse-engineered secondary model');
insert into AccountExamples (AccountID, AccountType, AppID, UserID, ProfilePicture, ProfileDescription) values (20, 'Web Designer III', 22, 40, 'https://robohash.org/distinctioullameum.png?size=50x50&set=set1', 'Self-enabling tangible conglomeration');
insert into AccountExamples (AccountID, AccountType, AppID, UserID, ProfilePicture, ProfileDescription) values (21, 'Paralegal', 26, 40, 'https://robohash.org/enimteneturqui.png?size=50x50&set=set1', 'Organized executive infrastructure');
insert into AccountExamples (AccountID, AccountType, AppID, UserID, ProfilePicture, ProfileDescription) values (22, 'Statistician III', 51, 28, 'https://robohash.org/quodsintrem.png?size=50x50&set=set1', 'Monitored interactive policy');
insert into AccountExamples (AccountID, AccountType, AppID, UserID, ProfilePicture, ProfileDescription) values (23, 'Programmer IV', 55, 22, 'https://robohash.org/voluptasimpeditodit.png?size=50x50&set=set1', 'Progressive reciprocal matrices');
insert into AccountExamples (AccountID, AccountType, AppID, UserID, ProfilePicture, ProfileDescription) values (24, 'Director of Sales', 31, 69, 'https://robohash.org/quaeexercitationemenim.png?size=50x50&set=set1', 'Open-architected context-sensitive time-frame');
insert into AccountExamples (AccountID, AccountType, AppID, UserID, ProfilePicture, ProfileDescription) values (25, 'Occupational Therapist', 69, 66, 'https://robohash.org/veleaquis.png?size=50x50&set=set1', 'Function-based secondary adapter');
insert into AccountExamples (AccountID, AccountType, AppID, UserID, ProfilePicture, ProfileDescription) values (26, 'Geological Engineer', 15, 55, 'https://robohash.org/utprovidenttemporibus.png?size=50x50&set=set1', 'Automated 3rd generation frame');
insert into AccountExamples (AccountID, AccountType, AppID, UserID, ProfilePicture, ProfileDescription) values (27, 'Senior Editor', 20, 22, 'https://robohash.org/dignissimosrationeadipisci.png?size=50x50&set=set1', 'Robust solution-oriented system engine');
insert into AccountExamples (AccountID, AccountType, AppID, UserID, ProfilePicture, ProfileDescription) values (28, 'Senior Quality Engineer', 70, 15, 'https://robohash.org/exquiaet.png?size=50x50&set=set1', 'Multi-tiered well-modulated strategy');
insert into AccountExamples (AccountID, AccountType, AppID, UserID, ProfilePicture, ProfileDescription) values (29, 'Senior Editor', 3, 61, 'https://robohash.org/autemsimiliquesed.png?size=50x50&set=set1', 'Diverse composite encryption');
insert into AccountExamples (AccountID, AccountType, AppID, UserID, ProfilePicture, ProfileDescription) values (30, 'Operator', 21, 60, 'https://robohash.org/voluptatibusquibusdamullam.png?size=50x50&set=set1', 'Function-based modular structure');
insert into AccountExamples (AccountID, AccountType, AppID, UserID, ProfilePicture, ProfileDescription) values (31, 'Help Desk Operator', 22, 47, 'https://robohash.org/etvelnon.png?size=50x50&set=set1', 'Fully-configurable logistical emulation');
insert into AccountExamples (AccountID, AccountType, AppID, UserID, ProfilePicture, ProfileDescription) values (32, 'Structural Engineer', 59, 32, 'https://robohash.org/quideminciduntquo.png?size=50x50&set=set1', 'Function-based next generation artificial intelligence');
insert into AccountExamples (AccountID, AccountType, AppID, UserID, ProfilePicture, ProfileDescription) values (33, 'Clinical Specialist', 28, 46, 'https://robohash.org/etdeseruntconsequatur.png?size=50x50&set=set1', 'Synergistic heuristic moratorium');
insert into AccountExamples (AccountID, AccountType, AppID, UserID, ProfilePicture, ProfileDescription) values (34, 'Junior Executive', 8, 58, 'https://robohash.org/quoreprehenderitut.png?size=50x50&set=set1', 'Extended 3rd generation workforce');
insert into AccountExamples (AccountID, AccountType, AppID, UserID, ProfilePicture, ProfileDescription) values (35, 'Nurse', 69, 35, 'https://robohash.org/odiodignissimosexplicabo.png?size=50x50&set=set1', 'Fully-configurable foreground implementation');
insert into AccountExamples (AccountID, AccountType, AppID, UserID, ProfilePicture, ProfileDescription) values (36, 'Research Nurse', 29, 47, 'https://robohash.org/nisiblanditiisipsam.png?size=50x50&set=set1', 'Centralized optimizing architecture');
insert into AccountExamples (AccountID, AccountType, AppID, UserID, ProfilePicture, ProfileDescription) values (37, 'Software Consultant', 42, 57, 'https://robohash.org/sitvelquibusdam.png?size=50x50&set=set1', 'Innovative optimizing synergy');
insert into AccountExamples (AccountID, AccountType, AppID, UserID, ProfilePicture, ProfileDescription) values (38, 'Environmental Specialist', 63, 16, 'https://robohash.org/nonnesciuntlibero.png?size=50x50&set=set1', 'Inverse real-time service-desk');
insert into AccountExamples (AccountID, AccountType, AppID, UserID, ProfilePicture, ProfileDescription) values (39, 'Technical Writer', 13, 13, 'https://robohash.org/estquivelit.png?size=50x50&set=set1', 'Fundamental system-worthy knowledge base');
insert into AccountExamples (AccountID, AccountType, AppID, UserID, ProfilePicture, ProfileDescription) values (40, 'Senior Developer', 38, 31, 'https://robohash.org/sedatquequis.png?size=50x50&set=set1', 'Ergonomic holistic matrix');
insert into AccountExamples (AccountID, AccountType, AppID, UserID, ProfilePicture, ProfileDescription) values (41, 'Chemical Engineer', 60, 36, 'https://robohash.org/dolorvoluptateminima.png?size=50x50&set=set1', 'Devolved scalable knowledge base');
insert into AccountExamples (AccountID, AccountType, AppID, UserID, ProfilePicture, ProfileDescription) values (42, 'Dental Hygienist', 48, 64, 'https://robohash.org/remblanditiiset.png?size=50x50&set=set1', 'Customizable content-based hierarchy');
insert into AccountExamples (AccountID, AccountType, AppID, UserID, ProfilePicture, ProfileDescription) values (43, 'Recruiting Manager', 16, 60, 'https://robohash.org/autnatussed.png?size=50x50&set=set1', 'Universal real-time open architecture');
insert into AccountExamples (AccountID, AccountType, AppID, UserID, ProfilePicture, ProfileDescription) values (44, 'Speech Pathologist', 34, 38, 'https://robohash.org/saepeenimullam.png?size=50x50&set=set1', 'Implemented content-based migration');
insert into AccountExamples (AccountID, AccountType, AppID, UserID, ProfilePicture, ProfileDescription) values (45, 'Project Manager', 4, 27, 'https://robohash.org/estrationevoluptatem.png?size=50x50&set=set1', 'Cross-platform incremental knowledge base');
insert into AccountExamples (AccountID, AccountType, AppID, UserID, ProfilePicture, ProfileDescription) values (46, 'Desktop Support Technician', 62, 36, 'https://robohash.org/commodiveldolores.png?size=50x50&set=set1', 'Horizontal regional website');
insert into AccountExamples (AccountID, AccountType, AppID, UserID, ProfilePicture, ProfileDescription) values (47, 'Administrative Assistant I', 43, 61, 'https://robohash.org/officiaoditprovident.png?size=50x50&set=set1', 'Seamless explicit capacity');
insert into AccountExamples (AccountID, AccountType, AppID, UserID, ProfilePicture, ProfileDescription) values (48, 'Civil Engineer', 50, 5, 'https://robohash.org/officiaeaqueet.png?size=50x50&set=set1', 'Vision-oriented 5th generation monitoring');
insert into AccountExamples (AccountID, AccountType, AppID, UserID, ProfilePicture, ProfileDescription) values (49, 'Assistant Media Planner', 32, 56, 'https://robohash.org/autautemet.png?size=50x50&set=set1', 'Pre-emptive tangible time-frame');
insert into AccountExamples (AccountID, AccountType, AppID, UserID, ProfilePicture, ProfileDescription) values (50, 'Research Assistant III', 2, 25, 'https://robohash.org/doloresinventoredeleniti.png?size=50x50&set=set1', 'Up-sized maximized open architecture');
insert into AccountExamples (AccountID, AccountType, AppID, UserID, ProfilePicture, ProfileDescription) values (51, 'Human Resources Manager', 59, 41, 'https://robohash.org/porroculpaassumenda.png?size=50x50&set=set1', 'Quality-focused local architecture');
insert into AccountExamples (AccountID, AccountType, AppID, UserID, ProfilePicture, ProfileDescription) values (52, 'Research Assistant II', 16, 15, 'https://robohash.org/etvoluptasquidem.png?size=50x50&set=set1', 'Self-enabling intermediate benchmark');
insert into AccountExamples (AccountID, AccountType, AppID, UserID, ProfilePicture, ProfileDescription) values (53, 'Occupational Therapist', 58, 68, 'https://robohash.org/cupiditateetvoluptatibus.png?size=50x50&set=set1', 'Open-source full-range budgetary management');
insert into AccountExamples (AccountID, AccountType, AppID, UserID, ProfilePicture, ProfileDescription) values (54, 'Automation Specialist IV', 16, 11, 'https://robohash.org/autodioiure.png?size=50x50&set=set1', 'Organized modular hub');
insert into AccountExamples (AccountID, AccountType, AppID, UserID, ProfilePicture, ProfileDescription) values (55, 'Software Engineer IV', 34, 55, 'https://robohash.org/nemoutdolores.png?size=50x50&set=set1', 'Horizontal systemic archive');
insert into AccountExamples (AccountID, AccountType, AppID, UserID, ProfilePicture, ProfileDescription) values (56, 'Computer Systems Analyst IV', 34, 49, 'https://robohash.org/consequunturlaborefacilis.png?size=50x50&set=set1', 'Balanced upward-trending synergy');
insert into AccountExamples (AccountID, AccountType, AppID, UserID, ProfilePicture, ProfileDescription) values (57, 'Financial Analyst', 28, 18, 'https://robohash.org/aspernaturexmodi.png?size=50x50&set=set1', 'Cloned bifurcated software');
insert into AccountExamples (AccountID, AccountType, AppID, UserID, ProfilePicture, ProfileDescription) values (58, 'Associate Professor', 54, 4, 'https://robohash.org/quasiametdolores.png?size=50x50&set=set1', 'Reverse-engineered leading edge function');
insert into AccountExamples (AccountID, AccountType, AppID, UserID, ProfilePicture, ProfileDescription) values (59, 'Structural Engineer', 30, 2, 'https://robohash.org/quidemconsecteturillum.png?size=50x50&set=set1', 'Secured systemic superstructure');
insert into AccountExamples (AccountID, AccountType, AppID, UserID, ProfilePicture, ProfileDescription) values (60, 'Senior Cost Accountant', 5, 34, 'https://robohash.org/repudiandaeinreprehenderit.png?size=50x50&set=set1', 'Enterprise-wide empowering task-force');
insert into AccountExamples (AccountID, AccountType, AppID, UserID, ProfilePicture, ProfileDescription) values (61, 'Research Nurse', 48, 26, 'https://robohash.org/praesentiumcorporisplaceat.png?size=50x50&set=set1', 'Compatible contextually-based superstructure');
insert into AccountExamples (AccountID, AccountType, AppID, UserID, ProfilePicture, ProfileDescription) values (62, 'Pharmacist', 27, 56, 'https://robohash.org/exdignissimosodio.png?size=50x50&set=set1', 'Advanced attitude-oriented policy');
insert into AccountExamples (AccountID, AccountType, AppID, UserID, ProfilePicture, ProfileDescription) values (63, 'Librarian', 41, 17, 'https://robohash.org/sedaliquamnumquam.png?size=50x50&set=set1', 'Versatile object-oriented definition');
insert into AccountExamples (AccountID, AccountType, AppID, UserID, ProfilePicture, ProfileDescription) values (64, 'Accounting Assistant IV', 67, 68, 'https://robohash.org/natusexplicaboomnis.png?size=50x50&set=set1', 'Future-proofed attitude-oriented ability');
insert into AccountExamples (AccountID, AccountType, AppID, UserID, ProfilePicture, ProfileDescription) values (65, 'Junior Executive', 60, 4, 'https://robohash.org/etautodit.png?size=50x50&set=set1', 'Profound multimedia functionalities');
insert into AccountExamples (AccountID, AccountType, AppID, UserID, ProfilePicture, ProfileDescription) values (66, 'Electrical Engineer', 28, 31, 'https://robohash.org/inautcum.png?size=50x50&set=set1', 'Down-sized 6th generation archive');
insert into AccountExamples (AccountID, AccountType, AppID, UserID, ProfilePicture, ProfileDescription) values (67, 'Media Manager IV', 9, 69, 'https://robohash.org/sintvoluptatemvoluptas.png?size=50x50&set=set1', 'Balanced 4th generation monitoring');
insert into AccountExamples (AccountID, AccountType, AppID, UserID, ProfilePicture, ProfileDescription) values (68, 'Executive Secretary', 17, 37, 'https://robohash.org/sintetaut.png?size=50x50&set=set1', 'User-centric multi-state attitude');
insert into AccountExamples (AccountID, AccountType, AppID, UserID, ProfilePicture, ProfileDescription) values (69, 'VP Sales', 55, 52, 'https://robohash.org/voluptasmolestiaesuscipit.png?size=50x50&set=set1', 'Advanced bi-directional groupware');
insert into AccountExamples (AccountID, AccountType, AppID, UserID, ProfilePicture, ProfileDescription) values (70, 'VP Accounting', 39, 2, 'https://robohash.org/saepeiustolabore.png?size=50x50&set=set1', 'Proactive didactic moratorium');

create table Apps (
	AppID INT
);
insert into Apps (AppID) values (1);
insert into Apps (AppID) values (1);
insert into Apps (AppID) values (1);
insert into Apps (AppID) values (1);
insert into Apps (AppID) values (1);
insert into Apps (AppID) values (1);
insert into Apps (AppID) values (1);
insert into Apps (AppID) values (1);
insert into Apps (AppID) values (1);
insert into Apps (AppID) values (1);
insert into Apps (AppID) values (1);
insert into Apps (AppID) values (1);
insert into Apps (AppID) values (1);
insert into Apps (AppID) values (1);
insert into Apps (AppID) values (1);
insert into Apps (AppID) values (1);
insert into Apps (AppID) values (1);
insert into Apps (AppID) values (1);
insert into Apps (AppID) values (1);
insert into Apps (AppID) values (1);
insert into Apps (AppID) values (1);
insert into Apps (AppID) values (1);
insert into Apps (AppID) values (1);
insert into Apps (AppID) values (1);
insert into Apps (AppID) values (1);
insert into Apps (AppID) values (1);
insert into Apps (AppID) values (1);
insert into Apps (AppID) values (1);
insert into Apps (AppID) values (1);
insert into Apps (AppID) values (1);
insert into Apps (AppID) values (1);
insert into Apps (AppID) values (1);
insert into Apps (AppID) values (1);
insert into Apps (AppID) values (1);
insert into Apps (AppID) values (1);
insert into Apps (AppID) values (1);
insert into Apps (AppID) values (1);
insert into Apps (AppID) values (1);
insert into Apps (AppID) values (1);
insert into Apps (AppID) values (1);
insert into Apps (AppID) values (1);
insert into Apps (AppID) values (1);
insert into Apps (AppID) values (1);
insert into Apps (AppID) values (1);
insert into Apps (AppID) values (1);
insert into Apps (AppID) values (1);
insert into Apps (AppID) values (1);
insert into Apps (AppID) values (1);
insert into Apps (AppID) values (1);
insert into Apps (AppID) values (1);
insert into Apps (AppID) values (1);
insert into Apps (AppID) values (1);
insert into Apps (AppID) values (1);
insert into Apps (AppID) values (1);
insert into Apps (AppID) values (1);
insert into Apps (AppID) values (1);
insert into Apps (AppID) values (1);
insert into Apps (AppID) values (1);
insert into Apps (AppID) values (1);
insert into Apps (AppID) values (1);
insert into Apps (AppID) values (1);
insert into Apps (AppID) values (1);
insert into Apps (AppID) values (1);
insert into Apps (AppID) values (1);
insert into Apps (AppID) values (1);
insert into Apps (AppID) values (1);
insert into Apps (AppID) values (1);
insert into Apps (AppID) values (1);
insert into Apps (AppID) values (1);
insert into Apps (AppID) values (1);

create table PersonalizedSuggestions (
	Allergies VARCHAR(50),
	GroupSize INT,
	SuggestionID INT,
	AppID INT,
	Audience VARCHAR(50)
);
insert into PersonalizedSuggestions (Allergies, GroupSize, SuggestionID, AppID, Audience) values ('''Peanuts, Soy, Tree Nuts''', 6, 1, 1, '''Adults, Children, People with Pets''');
insert into PersonalizedSuggestions (Allergies, GroupSize, SuggestionID, AppID, Audience) values ('''Peanuts, Soy, Tree Nuts''', 3, 2, 1, '''Adults, Children, People with Pets''');
insert into PersonalizedSuggestions (Allergies, GroupSize, SuggestionID, AppID, Audience) values ('''Peanuts, Soy, Tree Nuts''', 8, 3, 1, '''Adults, Children, People with Pets''');
insert into PersonalizedSuggestions (Allergies, GroupSize, SuggestionID, AppID, Audience) values ('''Peanuts, Soy, Tree Nuts''', 19, 4, 1, '''Adults, Children, People with Pets''');
insert into PersonalizedSuggestions (Allergies, GroupSize, SuggestionID, AppID, Audience) values ('''Peanuts, Soy, Tree Nuts''', 4, 5, 1, '''Adults, Children, People with Pets''');
insert into PersonalizedSuggestions (Allergies, GroupSize, SuggestionID, AppID, Audience) values ('''Peanuts, Soy, Tree Nuts''', 1, 6, 1, '''Adults, Children, People with Pets''');
insert into PersonalizedSuggestions (Allergies, GroupSize, SuggestionID, AppID, Audience) values ('''Peanuts, Soy, Tree Nuts''', 4, 7, 1, '''Adults, Children, People with Pets''');
insert into PersonalizedSuggestions (Allergies, GroupSize, SuggestionID, AppID, Audience) values ('''Peanuts, Soy, Tree Nuts''', 19, 8, 1, '''Adults, Children, People with Pets''');
insert into PersonalizedSuggestions (Allergies, GroupSize, SuggestionID, AppID, Audience) values ('''Peanuts, Soy, Tree Nuts''', 14, 9, 1, '''Adults, Children, People with Pets''');
insert into PersonalizedSuggestions (Allergies, GroupSize, SuggestionID, AppID, Audience) values ('''Peanuts, Soy, Tree Nuts''', 4, 10, 1, '''Adults, Children, People with Pets''');
insert into PersonalizedSuggestions (Allergies, GroupSize, SuggestionID, AppID, Audience) values ('''Peanuts, Soy, Tree Nuts''', 5, 11, 1, '''Adults, Children, People with Pets''');
insert into PersonalizedSuggestions (Allergies, GroupSize, SuggestionID, AppID, Audience) values ('''Peanuts, Soy, Tree Nuts''', 20, 12, 1, '''Adults, Children, People with Pets''');
insert into PersonalizedSuggestions (Allergies, GroupSize, SuggestionID, AppID, Audience) values ('''Peanuts, Soy, Tree Nuts''', 20, 13, 1, '''Adults, Children, People with Pets''');
insert into PersonalizedSuggestions (Allergies, GroupSize, SuggestionID, AppID, Audience) values ('''Peanuts, Soy, Tree Nuts''', 8, 14, 1, '''Adults, Children, People with Pets''');
insert into PersonalizedSuggestions (Allergies, GroupSize, SuggestionID, AppID, Audience) values ('''Peanuts, Soy, Tree Nuts''', 12, 15, 1, '''Adults, Children, People with Pets''');
insert into PersonalizedSuggestions (Allergies, GroupSize, SuggestionID, AppID, Audience) values ('''Peanuts, Soy, Tree Nuts''', 6, 16, 1, '''Adults, Children, People with Pets''');
insert into PersonalizedSuggestions (Allergies, GroupSize, SuggestionID, AppID, Audience) values ('''Peanuts, Soy, Tree Nuts''', 12, 17, 1, '''Adults, Children, People with Pets''');
insert into PersonalizedSuggestions (Allergies, GroupSize, SuggestionID, AppID, Audience) values ('''Peanuts, Soy, Tree Nuts''', 20, 18, 1, '''Adults, Children, People with Pets''');
insert into PersonalizedSuggestions (Allergies, GroupSize, SuggestionID, AppID, Audience) values ('''Peanuts, Soy, Tree Nuts''', 19, 19, 1, '''Adults, Children, People with Pets''');
insert into PersonalizedSuggestions (Allergies, GroupSize, SuggestionID, AppID, Audience) values ('''Peanuts, Soy, Tree Nuts''', 7, 20, 1, '''Adults, Children, People with Pets''');
insert into PersonalizedSuggestions (Allergies, GroupSize, SuggestionID, AppID, Audience) values ('''Peanuts, Soy, Tree Nuts''', 13, 21, 1, '''Adults, Children, People with Pets''');
insert into PersonalizedSuggestions (Allergies, GroupSize, SuggestionID, AppID, Audience) values ('''Peanuts, Soy, Tree Nuts''', 11, 22, 1, '''Adults, Children, People with Pets''');
insert into PersonalizedSuggestions (Allergies, GroupSize, SuggestionID, AppID, Audience) values ('''Peanuts, Soy, Tree Nuts''', 2, 23, 1, '''Adults, Children, People with Pets''');
insert into PersonalizedSuggestions (Allergies, GroupSize, SuggestionID, AppID, Audience) values ('''Peanuts, Soy, Tree Nuts''', 20, 24, 1, '''Adults, Children, People with Pets''');
insert into PersonalizedSuggestions (Allergies, GroupSize, SuggestionID, AppID, Audience) values ('''Peanuts, Soy, Tree Nuts''', 18, 25, 1, '''Adults, Children, People with Pets''');
insert into PersonalizedSuggestions (Allergies, GroupSize, SuggestionID, AppID, Audience) values ('''Peanuts, Soy, Tree Nuts''', 1, 26, 1, '''Adults, Children, People with Pets''');
insert into PersonalizedSuggestions (Allergies, GroupSize, SuggestionID, AppID, Audience) values ('''Peanuts, Soy, Tree Nuts''', 10, 27, 1, '''Adults, Children, People with Pets''');
insert into PersonalizedSuggestions (Allergies, GroupSize, SuggestionID, AppID, Audience) values ('''Peanuts, Soy, Tree Nuts''', 8, 28, 1, '''Adults, Children, People with Pets''');
insert into PersonalizedSuggestions (Allergies, GroupSize, SuggestionID, AppID, Audience) values ('''Peanuts, Soy, Tree Nuts''', 20, 29, 1, '''Adults, Children, People with Pets''');
insert into PersonalizedSuggestions (Allergies, GroupSize, SuggestionID, AppID, Audience) values ('''Peanuts, Soy, Tree Nuts''', 10, 30, 1, '''Adults, Children, People with Pets''');
insert into PersonalizedSuggestions (Allergies, GroupSize, SuggestionID, AppID, Audience) values ('''Peanuts, Soy, Tree Nuts''', 3, 31, 1, '''Adults, Children, People with Pets''');
insert into PersonalizedSuggestions (Allergies, GroupSize, SuggestionID, AppID, Audience) values ('''Peanuts, Soy, Tree Nuts''', 18, 32, 1, '''Adults, Children, People with Pets''');
insert into PersonalizedSuggestions (Allergies, GroupSize, SuggestionID, AppID, Audience) values ('''Peanuts, Soy, Tree Nuts''', 17, 33, 1, '''Adults, Children, People with Pets''');
insert into PersonalizedSuggestions (Allergies, GroupSize, SuggestionID, AppID, Audience) values ('''Peanuts, Soy, Tree Nuts''', 3, 34, 1, '''Adults, Children, People with Pets''');
insert into PersonalizedSuggestions (Allergies, GroupSize, SuggestionID, AppID, Audience) values ('''Peanuts, Soy, Tree Nuts''', 17, 35, 1, '''Adults, Children, People with Pets''');
insert into PersonalizedSuggestions (Allergies, GroupSize, SuggestionID, AppID, Audience) values ('''Peanuts, Soy, Tree Nuts''', 11, 36, 1, '''Adults, Children, People with Pets''');
insert into PersonalizedSuggestions (Allergies, GroupSize, SuggestionID, AppID, Audience) values ('''Peanuts, Soy, Tree Nuts''', 8, 37, 1, '''Adults, Children, People with Pets''');
insert into PersonalizedSuggestions (Allergies, GroupSize, SuggestionID, AppID, Audience) values ('''Peanuts, Soy, Tree Nuts''', 18, 38, 1, '''Adults, Children, People with Pets''');
insert into PersonalizedSuggestions (Allergies, GroupSize, SuggestionID, AppID, Audience) values ('''Peanuts, Soy, Tree Nuts''', 13, 39, 1, '''Adults, Children, People with Pets''');
insert into PersonalizedSuggestions (Allergies, GroupSize, SuggestionID, AppID, Audience) values ('''Peanuts, Soy, Tree Nuts''', 5, 40, 1, '''Adults, Children, People with Pets''');
insert into PersonalizedSuggestions (Allergies, GroupSize, SuggestionID, AppID, Audience) values ('''Peanuts, Soy, Tree Nuts''', 13, 41, 1, '''Adults, Children, People with Pets''');
insert into PersonalizedSuggestions (Allergies, GroupSize, SuggestionID, AppID, Audience) values ('''Peanuts, Soy, Tree Nuts''', 7, 42, 1, '''Adults, Children, People with Pets''');
insert into PersonalizedSuggestions (Allergies, GroupSize, SuggestionID, AppID, Audience) values ('''Peanuts, Soy, Tree Nuts''', 19, 43, 1, '''Adults, Children, People with Pets''');
insert into PersonalizedSuggestions (Allergies, GroupSize, SuggestionID, AppID, Audience) values ('''Peanuts, Soy, Tree Nuts''', 10, 44, 1, '''Adults, Children, People with Pets''');
insert into PersonalizedSuggestions (Allergies, GroupSize, SuggestionID, AppID, Audience) values ('''Peanuts, Soy, Tree Nuts''', 5, 45, 1, '''Adults, Children, People with Pets''');
insert into PersonalizedSuggestions (Allergies, GroupSize, SuggestionID, AppID, Audience) values ('''Peanuts, Soy, Tree Nuts''', 9, 46, 1, '''Adults, Children, People with Pets''');
insert into PersonalizedSuggestions (Allergies, GroupSize, SuggestionID, AppID, Audience) values ('''Peanuts, Soy, Tree Nuts''', 5, 47, 1, '''Adults, Children, People with Pets''');
insert into PersonalizedSuggestions (Allergies, GroupSize, SuggestionID, AppID, Audience) values ('''Peanuts, Soy, Tree Nuts''', 8, 48, 1, '''Adults, Children, People with Pets''');
insert into PersonalizedSuggestions (Allergies, GroupSize, SuggestionID, AppID, Audience) values ('''Peanuts, Soy, Tree Nuts''', 20, 49, 1, '''Adults, Children, People with Pets''');
insert into PersonalizedSuggestions (Allergies, GroupSize, SuggestionID, AppID, Audience) values ('''Peanuts, Soy, Tree Nuts''', 15, 50, 1, '''Adults, Children, People with Pets''');
insert into PersonalizedSuggestions (Allergies, GroupSize, SuggestionID, AppID, Audience) values ('''Peanuts, Soy, Tree Nuts''', 2, 51, 1, '''Adults, Children, People with Pets''');
insert into PersonalizedSuggestions (Allergies, GroupSize, SuggestionID, AppID, Audience) values ('''Peanuts, Soy, Tree Nuts''', 15, 52, 1, '''Adults, Children, People with Pets''');
insert into PersonalizedSuggestions (Allergies, GroupSize, SuggestionID, AppID, Audience) values ('''Peanuts, Soy, Tree Nuts''', 3, 53, 1, '''Adults, Children, People with Pets''');
insert into PersonalizedSuggestions (Allergies, GroupSize, SuggestionID, AppID, Audience) values ('''Peanuts, Soy, Tree Nuts''', 3, 54, 1, '''Adults, Children, People with Pets''');
insert into PersonalizedSuggestions (Allergies, GroupSize, SuggestionID, AppID, Audience) values ('''Peanuts, Soy, Tree Nuts''', 14, 55, 1, '''Adults, Children, People with Pets''');
insert into PersonalizedSuggestions (Allergies, GroupSize, SuggestionID, AppID, Audience) values ('''Peanuts, Soy, Tree Nuts''', 9, 56, 1, '''Adults, Children, People with Pets''');
insert into PersonalizedSuggestions (Allergies, GroupSize, SuggestionID, AppID, Audience) values ('''Peanuts, Soy, Tree Nuts''', 17, 57, 1, '''Adults, Children, People with Pets''');
insert into PersonalizedSuggestions (Allergies, GroupSize, SuggestionID, AppID, Audience) values ('''Peanuts, Soy, Tree Nuts''', 1, 58, 1, '''Adults, Children, People with Pets''');
insert into PersonalizedSuggestions (Allergies, GroupSize, SuggestionID, AppID, Audience) values ('''Peanuts, Soy, Tree Nuts''', 5, 59, 1, '''Adults, Children, People with Pets''');
insert into PersonalizedSuggestions (Allergies, GroupSize, SuggestionID, AppID, Audience) values ('''Peanuts, Soy, Tree Nuts''', 9, 60, 1, '''Adults, Children, People with Pets''');
insert into PersonalizedSuggestions (Allergies, GroupSize, SuggestionID, AppID, Audience) values ('''Peanuts, Soy, Tree Nuts''', 16, 61, 1, '''Adults, Children, People with Pets''');
insert into PersonalizedSuggestions (Allergies, GroupSize, SuggestionID, AppID, Audience) values ('''Peanuts, Soy, Tree Nuts''', 20, 62, 1, '''Adults, Children, People with Pets''');
insert into PersonalizedSuggestions (Allergies, GroupSize, SuggestionID, AppID, Audience) values ('''Peanuts, Soy, Tree Nuts''', 19, 63, 1, '''Adults, Children, People with Pets''');
insert into PersonalizedSuggestions (Allergies, GroupSize, SuggestionID, AppID, Audience) values ('''Peanuts, Soy, Tree Nuts''', 10, 64, 1, '''Adults, Children, People with Pets''');
insert into PersonalizedSuggestions (Allergies, GroupSize, SuggestionID, AppID, Audience) values ('''Peanuts, Soy, Tree Nuts''', 19, 65, 1, '''Adults, Children, People with Pets''');
insert into PersonalizedSuggestions (Allergies, GroupSize, SuggestionID, AppID, Audience) values ('''Peanuts, Soy, Tree Nuts''', 14, 66, 1, '''Adults, Children, People with Pets''');
insert into PersonalizedSuggestions (Allergies, GroupSize, SuggestionID, AppID, Audience) values ('''Peanuts, Soy, Tree Nuts''', 17, 67, 1, '''Adults, Children, People with Pets''');
insert into PersonalizedSuggestions (Allergies, GroupSize, SuggestionID, AppID, Audience) values ('''Peanuts, Soy, Tree Nuts''', 17, 68, 1, '''Adults, Children, People with Pets''');
insert into PersonalizedSuggestions (Allergies, GroupSize, SuggestionID, AppID, Audience) values ('''Peanuts, Soy, Tree Nuts''', 14, 69, 1, '''Adults, Children, People with Pets''');
insert into PersonalizedSuggestions (Allergies, GroupSize, SuggestionID, AppID, Audience) values ('''Peanuts, Soy, Tree Nuts''', 14, 70, 1, '''Adults, Children, People with Pets''');

create table Holidays (
	HolidayID INT,
	Popularity DECIMAL(4,2),
	Name VARCHAR(16),
	SuggestionID INT,
	Date DATE
);
insert into Holidays (HolidayID, Popularity, Name, SuggestionID, Date) values (1, 8.41, 'Halloween', 13, '6/20/2024');
insert into Holidays (HolidayID, Popularity, Name, SuggestionID, Date) values (2, 8.17, 'New Year''s Day', 23, '5/22/2022');
insert into Holidays (HolidayID, Popularity, Name, SuggestionID, Date) values (3, 5.4, 'Thanksgiving', 64, '11/2/2024');
insert into Holidays (HolidayID, Popularity, Name, SuggestionID, Date) values (4, 1.17, 'Independence Day', 66, '4/7/2023');
insert into Holidays (HolidayID, Popularity, Name, SuggestionID, Date) values (5, 4.19, 'Halloween', 15, '1/7/2024');
insert into Holidays (HolidayID, Popularity, Name, SuggestionID, Date) values (6, 5.85, 'New Year''s Day', 46, '5/6/2022');
insert into Holidays (HolidayID, Popularity, Name, SuggestionID, Date) values (7, 2.04, 'Halloween', 11, '8/14/2023');
insert into Holidays (HolidayID, Popularity, Name, SuggestionID, Date) values (8, 7.22, 'Halloween', 35, '6/30/2022');
insert into Holidays (HolidayID, Popularity, Name, SuggestionID, Date) values (9, 6.63, 'Christmas', 7, '7/21/2024');
insert into Holidays (HolidayID, Popularity, Name, SuggestionID, Date) values (10, 5.24, 'Thanksgiving', 31, '2/11/2025');
insert into Holidays (HolidayID, Popularity, Name, SuggestionID, Date) values (11, 5.45, 'New Year''s Day', 70, '12/25/2022');
insert into Holidays (HolidayID, Popularity, Name, SuggestionID, Date) values (12, 7.74, 'New Year''s Day', 8, '3/28/2025');
insert into Holidays (HolidayID, Popularity, Name, SuggestionID, Date) values (13, 3.57, 'Christmas', 7, '6/20/2024');
insert into Holidays (HolidayID, Popularity, Name, SuggestionID, Date) values (14, 6.31, 'New Year''s Day', 44, '10/22/2022');
insert into Holidays (HolidayID, Popularity, Name, SuggestionID, Date) values (15, 5.44, 'New Year''s Day', 48, '4/16/2022');
insert into Holidays (HolidayID, Popularity, Name, SuggestionID, Date) values (16, 4.55, 'Halloween', 45, '8/4/2023');
insert into Holidays (HolidayID, Popularity, Name, SuggestionID, Date) values (17, 9.39, 'New Year''s Day', 17, '1/8/2025');
insert into Holidays (HolidayID, Popularity, Name, SuggestionID, Date) values (18, 9.35, 'Thanksgiving', 52, '10/13/2022');
insert into Holidays (HolidayID, Popularity, Name, SuggestionID, Date) values (19, 6.09, 'Thanksgiving', 40, '10/29/2024');
insert into Holidays (HolidayID, Popularity, Name, SuggestionID, Date) values (20, 3.79, 'Halloween', 27, '3/26/2023');
insert into Holidays (HolidayID, Popularity, Name, SuggestionID, Date) values (21, 1.94, 'Halloween', 29, '3/30/2024');
insert into Holidays (HolidayID, Popularity, Name, SuggestionID, Date) values (22, 6.1, 'Halloween', 3, '9/10/2023');
insert into Holidays (HolidayID, Popularity, Name, SuggestionID, Date) values (23, 4.61, 'Christmas', 14, '4/24/2024');
insert into Holidays (HolidayID, Popularity, Name, SuggestionID, Date) values (24, 2.91, 'Halloween', 15, '5/21/2024');
insert into Holidays (HolidayID, Popularity, Name, SuggestionID, Date) values (25, 9.64, 'Christmas', 55, '9/25/2022');
insert into Holidays (HolidayID, Popularity, Name, SuggestionID, Date) values (26, 4.77, 'Independence Day', 22, '2/21/2023');
insert into Holidays (HolidayID, Popularity, Name, SuggestionID, Date) values (27, 3.93, 'New Year''s Day', 38, '7/5/2022');
insert into Holidays (HolidayID, Popularity, Name, SuggestionID, Date) values (28, 7.97, 'Independence Day', 50, '11/3/2022');
insert into Holidays (HolidayID, Popularity, Name, SuggestionID, Date) values (29, 7.27, 'New Year''s Day', 24, '6/27/2024');
insert into Holidays (HolidayID, Popularity, Name, SuggestionID, Date) values (30, 4.35, 'New Year''s Day', 57, '10/30/2022');
insert into Holidays (HolidayID, Popularity, Name, SuggestionID, Date) values (31, 7.87, 'Christmas', 37, '11/14/2022');
insert into Holidays (HolidayID, Popularity, Name, SuggestionID, Date) values (32, 2.53, 'Thanksgiving', 32, '10/2/2022');
insert into Holidays (HolidayID, Popularity, Name, SuggestionID, Date) values (33, 1.58, 'Halloween', 66, '3/13/2023');
insert into Holidays (HolidayID, Popularity, Name, SuggestionID, Date) values (34, 1.22, 'Independence Day', 27, '1/8/2023');
insert into Holidays (HolidayID, Popularity, Name, SuggestionID, Date) values (35, 4.72, 'Christmas', 14, '8/10/2024');
insert into Holidays (HolidayID, Popularity, Name, SuggestionID, Date) values (36, 2.33, 'New Year''s Day', 18, '8/23/2023');
insert into Holidays (HolidayID, Popularity, Name, SuggestionID, Date) values (37, 2.87, 'New Year''s Day', 55, '7/9/2024');
insert into Holidays (HolidayID, Popularity, Name, SuggestionID, Date) values (38, 2.39, 'Thanksgiving', 41, '6/22/2022');
insert into Holidays (HolidayID, Popularity, Name, SuggestionID, Date) values (39, 2.23, 'Halloween', 70, '7/12/2024');
insert into Holidays (HolidayID, Popularity, Name, SuggestionID, Date) values (40, 3.99, 'Independence Day', 23, '2/27/2025');
insert into Holidays (HolidayID, Popularity, Name, SuggestionID, Date) values (41, 3.95, 'Thanksgiving', 9, '4/1/2025');
insert into Holidays (HolidayID, Popularity, Name, SuggestionID, Date) values (42, 2.44, 'Independence Day', 25, '5/11/2023');
insert into Holidays (HolidayID, Popularity, Name, SuggestionID, Date) values (43, 7.21, 'Independence Day', 60, '5/7/2023');
insert into Holidays (HolidayID, Popularity, Name, SuggestionID, Date) values (44, 2.03, 'Halloween', 6, '10/12/2023');
insert into Holidays (HolidayID, Popularity, Name, SuggestionID, Date) values (45, 6.56, 'Thanksgiving', 36, '2/9/2024');
insert into Holidays (HolidayID, Popularity, Name, SuggestionID, Date) values (46, 7.51, 'Thanksgiving', 21, '10/11/2024');
insert into Holidays (HolidayID, Popularity, Name, SuggestionID, Date) values (47, 5.38, 'Christmas', 17, '8/15/2022');
insert into Holidays (HolidayID, Popularity, Name, SuggestionID, Date) values (48, 1.94, 'New Year''s Day', 29, '5/28/2022');
insert into Holidays (HolidayID, Popularity, Name, SuggestionID, Date) values (49, 3.61, 'New Year''s Day', 23, '1/23/2024');
insert into Holidays (HolidayID, Popularity, Name, SuggestionID, Date) values (50, 2.9, 'New Year''s Day', 44, '8/6/2022');
insert into Holidays (HolidayID, Popularity, Name, SuggestionID, Date) values (51, 9.5, 'Thanksgiving', 56, '6/19/2024');
insert into Holidays (HolidayID, Popularity, Name, SuggestionID, Date) values (52, 7.43, 'Halloween', 9, '3/10/2025');
insert into Holidays (HolidayID, Popularity, Name, SuggestionID, Date) values (53, 3.74, 'Halloween', 11, '1/25/2024');
insert into Holidays (HolidayID, Popularity, Name, SuggestionID, Date) values (54, 4.98, 'New Year''s Day', 44, '5/19/2023');
insert into Holidays (HolidayID, Popularity, Name, SuggestionID, Date) values (55, 8.73, 'New Year''s Day', 39, '11/23/2022');
insert into Holidays (HolidayID, Popularity, Name, SuggestionID, Date) values (56, 1.38, 'Thanksgiving', 9, '10/4/2023');
insert into Holidays (HolidayID, Popularity, Name, SuggestionID, Date) values (57, 8.27, 'Halloween', 64, '10/2/2022');
insert into Holidays (HolidayID, Popularity, Name, SuggestionID, Date) values (58, 6.91, 'Thanksgiving', 64, '5/2/2024');
insert into Holidays (HolidayID, Popularity, Name, SuggestionID, Date) values (59, 4.99, 'Independence Day', 50, '5/22/2022');
insert into Holidays (HolidayID, Popularity, Name, SuggestionID, Date) values (60, 5.31, 'Thanksgiving', 64, '1/16/2025');
insert into Holidays (HolidayID, Popularity, Name, SuggestionID, Date) values (61, 9.24, 'New Year''s Day', 50, '2/2/2023');
insert into Holidays (HolidayID, Popularity, Name, SuggestionID, Date) values (62, 1.22, 'New Year''s Day', 50, '9/7/2023');
insert into Holidays (HolidayID, Popularity, Name, SuggestionID, Date) values (63, 3.66, 'Christmas', 67, '6/11/2022');
insert into Holidays (HolidayID, Popularity, Name, SuggestionID, Date) values (64, 9.28, 'Thanksgiving', 39, '10/14/2024');
insert into Holidays (HolidayID, Popularity, Name, SuggestionID, Date) values (65, 7.89, 'Independence Day', 36, '12/20/2023');
insert into Holidays (HolidayID, Popularity, Name, SuggestionID, Date) values (66, 5.98, 'Halloween', 26, '4/7/2023');
insert into Holidays (HolidayID, Popularity, Name, SuggestionID, Date) values (67, 6.26, 'Independence Day', 69, '7/5/2023');
insert into Holidays (HolidayID, Popularity, Name, SuggestionID, Date) values (68, 4.46, 'Thanksgiving', 9, '12/9/2023');
insert into Holidays (HolidayID, Popularity, Name, SuggestionID, Date) values (69, 1.7, 'Halloween', 20, '3/15/2023');
insert into Holidays (HolidayID, Popularity, Name, SuggestionID, Date) values (70, 9.79, 'New Year''s Day', 21, '11/21/2022');

create table Presets (
	PresetID INT,
	Date DATE,
	Name VARCHAR(7),
	UserID INT,
	SuggestionID INT
);
insert into Presets (PresetID, Date, Name, UserID, SuggestionID) values (1, '10/1/2022', 'preset5', 14, 32);
insert into Presets (PresetID, Date, Name, UserID, SuggestionID) values (2, '1/23/2023', 'preset1', 26, 51);
insert into Presets (PresetID, Date, Name, UserID, SuggestionID) values (3, '6/25/2021', 'preset2', 55, 55);
insert into Presets (PresetID, Date, Name, UserID, SuggestionID) values (4, '6/13/2022', 'preset3', 32, 45);
insert into Presets (PresetID, Date, Name, UserID, SuggestionID) values (5, '11/6/2022', 'preset3', 30, 58);
insert into Presets (PresetID, Date, Name, UserID, SuggestionID) values (6, '9/20/2024', 'preset1', 25, 6);
insert into Presets (PresetID, Date, Name, UserID, SuggestionID) values (7, '4/3/2024', 'preset2', 7, 52);
insert into Presets (PresetID, Date, Name, UserID, SuggestionID) values (8, '3/9/2024', 'preset3', 67, 38);
insert into Presets (PresetID, Date, Name, UserID, SuggestionID) values (9, '7/19/2024', 'preset4', 43, 8);
insert into Presets (PresetID, Date, Name, UserID, SuggestionID) values (10, '2/7/2025', 'preset1', 18, 43);
insert into Presets (PresetID, Date, Name, UserID, SuggestionID) values (11, '11/21/2023', 'preset1', 38, 52);
insert into Presets (PresetID, Date, Name, UserID, SuggestionID) values (12, '4/13/2023', 'preset5', 35, 38);
insert into Presets (PresetID, Date, Name, UserID, SuggestionID) values (13, '2/24/2024', 'preset4', 27, 60);
insert into Presets (PresetID, Date, Name, UserID, SuggestionID) values (14, '1/7/2023', 'preset5', 50, 18);
insert into Presets (PresetID, Date, Name, UserID, SuggestionID) values (15, '2/25/2025', 'preset3', 46, 21);
insert into Presets (PresetID, Date, Name, UserID, SuggestionID) values (16, '10/30/2024', 'preset5', 3, 52);
insert into Presets (PresetID, Date, Name, UserID, SuggestionID) values (17, '10/17/2021', 'preset4', 42, 65);
insert into Presets (PresetID, Date, Name, UserID, SuggestionID) values (18, '1/4/2023', 'preset5', 2, 68);
insert into Presets (PresetID, Date, Name, UserID, SuggestionID) values (19, '5/15/2024', 'preset1', 54, 48);
insert into Presets (PresetID, Date, Name, UserID, SuggestionID) values (20, '10/18/2024', 'preset5', 65, 43);
insert into Presets (PresetID, Date, Name, UserID, SuggestionID) values (21, '8/9/2024', 'preset2', 61, 22);
insert into Presets (PresetID, Date, Name, UserID, SuggestionID) values (22, '3/22/2023', 'preset4', 20, 20);
insert into Presets (PresetID, Date, Name, UserID, SuggestionID) values (23, '4/2/2025', 'preset1', 46, 54);
insert into Presets (PresetID, Date, Name, UserID, SuggestionID) values (24, '4/27/2024', 'preset3', 52, 45);
insert into Presets (PresetID, Date, Name, UserID, SuggestionID) values (25, '6/13/2023', 'preset3', 37, 32);
insert into Presets (PresetID, Date, Name, UserID, SuggestionID) values (26, '8/18/2023', 'preset4', 48, 68);
insert into Presets (PresetID, Date, Name, UserID, SuggestionID) values (27, '4/27/2021', 'preset1', 58, 26);
insert into Presets (PresetID, Date, Name, UserID, SuggestionID) values (28, '3/10/2025', 'preset5', 22, 53);
insert into Presets (PresetID, Date, Name, UserID, SuggestionID) values (29, '1/10/2022', 'preset1', 63, 8);
insert into Presets (PresetID, Date, Name, UserID, SuggestionID) values (30, '1/4/2025', 'preset5', 67, 56);
insert into Presets (PresetID, Date, Name, UserID, SuggestionID) values (31, '12/3/2022', 'preset3', 7, 51);
insert into Presets (PresetID, Date, Name, UserID, SuggestionID) values (32, '4/6/2025', 'preset1', 64, 52);
insert into Presets (PresetID, Date, Name, UserID, SuggestionID) values (33, '2/28/2024', 'preset1', 63, 17);
insert into Presets (PresetID, Date, Name, UserID, SuggestionID) values (34, '5/12/2023', 'preset1', 30, 45);
insert into Presets (PresetID, Date, Name, UserID, SuggestionID) values (35, '3/16/2023', 'preset4', 23, 55);
insert into Presets (PresetID, Date, Name, UserID, SuggestionID) values (36, '3/2/2022', 'preset4', 48, 47);
insert into Presets (PresetID, Date, Name, UserID, SuggestionID) values (37, '7/4/2022', 'preset4', 12, 2);
insert into Presets (PresetID, Date, Name, UserID, SuggestionID) values (38, '12/19/2021', 'preset5', 15, 5);
insert into Presets (PresetID, Date, Name, UserID, SuggestionID) values (39, '1/4/2023', 'preset3', 50, 18);
insert into Presets (PresetID, Date, Name, UserID, SuggestionID) values (40, '8/23/2023', 'preset3', 63, 30);
insert into Presets (PresetID, Date, Name, UserID, SuggestionID) values (41, '1/28/2025', 'preset4', 13, 12);
insert into Presets (PresetID, Date, Name, UserID, SuggestionID) values (42, '10/11/2021', 'preset5', 13, 36);
insert into Presets (PresetID, Date, Name, UserID, SuggestionID) values (43, '2/28/2023', 'preset1', 8, 43);
insert into Presets (PresetID, Date, Name, UserID, SuggestionID) values (44, '6/13/2023', 'preset1', 53, 29);
insert into Presets (PresetID, Date, Name, UserID, SuggestionID) values (45, '10/21/2022', 'preset5', 41, 70);
insert into Presets (PresetID, Date, Name, UserID, SuggestionID) values (46, '3/1/2025', 'preset1', 11, 54);
insert into Presets (PresetID, Date, Name, UserID, SuggestionID) values (47, '1/24/2024', 'preset1', 16, 29);
insert into Presets (PresetID, Date, Name, UserID, SuggestionID) values (48, '5/6/2024', 'preset4', 47, 1);
insert into Presets (PresetID, Date, Name, UserID, SuggestionID) values (49, '6/19/2024', 'preset5', 62, 1);
insert into Presets (PresetID, Date, Name, UserID, SuggestionID) values (50, '11/30/2022', 'preset4', 25, 34);
insert into Presets (PresetID, Date, Name, UserID, SuggestionID) values (51, '12/27/2021', 'preset2', 39, 41);
insert into Presets (PresetID, Date, Name, UserID, SuggestionID) values (52, '11/8/2023', 'preset3', 4, 15);
insert into Presets (PresetID, Date, Name, UserID, SuggestionID) values (53, '11/5/2022', 'preset5', 2, 25);
insert into Presets (PresetID, Date, Name, UserID, SuggestionID) values (54, '6/16/2021', 'preset3', 7, 16);
insert into Presets (PresetID, Date, Name, UserID, SuggestionID) values (55, '2/23/2024', 'preset3', 16, 49);
insert into Presets (PresetID, Date, Name, UserID, SuggestionID) values (56, '11/6/2024', 'preset3', 21, 29);
insert into Presets (PresetID, Date, Name, UserID, SuggestionID) values (57, '12/14/2022', 'preset5', 54, 49);
insert into Presets (PresetID, Date, Name, UserID, SuggestionID) values (58, '10/24/2022', 'preset2', 64, 8);
insert into Presets (PresetID, Date, Name, UserID, SuggestionID) values (59, '8/29/2022', 'preset4', 14, 46);
insert into Presets (PresetID, Date, Name, UserID, SuggestionID) values (60, '12/28/2021', 'preset5', 15, 38);
insert into Presets (PresetID, Date, Name, UserID, SuggestionID) values (61, '6/7/2022', 'preset5', 59, 15);
insert into Presets (PresetID, Date, Name, UserID, SuggestionID) values (62, '10/27/2023', 'preset5', 26, 58);
insert into Presets (PresetID, Date, Name, UserID, SuggestionID) values (63, '8/7/2021', 'preset3', 51, 63);
insert into Presets (PresetID, Date, Name, UserID, SuggestionID) values (64, '4/7/2023', 'preset4', 31, 39);
insert into Presets (PresetID, Date, Name, UserID, SuggestionID) values (65, '11/6/2021', 'preset4', 3, 40);
insert into Presets (PresetID, Date, Name, UserID, SuggestionID) values (66, '9/1/2023', 'preset3', 65, 34);
insert into Presets (PresetID, Date, Name, UserID, SuggestionID) values (67, '4/14/2022', 'preset2', 14, 34);
insert into Presets (PresetID, Date, Name, UserID, SuggestionID) values (68, '1/16/2025', 'preset1', 7, 61);
insert into Presets (PresetID, Date, Name, UserID, SuggestionID) values (69, '8/15/2024', 'preset4', 21, 9);
insert into Presets (PresetID, Date, Name, UserID, SuggestionID) values (70, '1/4/2024', 'preset2', 55, 65);


create table PresetSuggestions (
	id INT,
	first_name INT
);
insert into PresetSuggestions (id, first_name) values (48, 24);
insert into PresetSuggestions (id, first_name) values (19, 33);
insert into PresetSuggestions (id, first_name) values (54, 3);
insert into PresetSuggestions (id, first_name) values (2, 48);
insert into PresetSuggestions (id, first_name) values (57, 44);
insert into PresetSuggestions (id, first_name) values (60, 26);
insert into PresetSuggestions (id, first_name) values (36, 60);
insert into PresetSuggestions (id, first_name) values (23, 15);
insert into PresetSuggestions (id, first_name) values (32, 54);
insert into PresetSuggestions (id, first_name) values (52, 57);
insert into PresetSuggestions (id, first_name) values (46, 70);
insert into PresetSuggestions (id, first_name) values (70, 25);
insert into PresetSuggestions (id, first_name) values (60, 37);
insert into PresetSuggestions (id, first_name) values (4, 44);
insert into PresetSuggestions (id, first_name) values (25, 59);
insert into PresetSuggestions (id, first_name) values (4, 66);
insert into PresetSuggestions (id, first_name) values (6, 17);
insert into PresetSuggestions (id, first_name) values (13, 62);
insert into PresetSuggestions (id, first_name) values (58, 36);
insert into PresetSuggestions (id, first_name) values (32, 24);
insert into PresetSuggestions (id, first_name) values (23, 28);
insert into PresetSuggestions (id, first_name) values (69, 69);
insert into PresetSuggestions (id, first_name) values (38, 14);
insert into PresetSuggestions (id, first_name) values (67, 68);
insert into PresetSuggestions (id, first_name) values (19, 1);
insert into PresetSuggestions (id, first_name) values (62, 18);
insert into PresetSuggestions (id, first_name) values (37, 45);
insert into PresetSuggestions (id, first_name) values (26, 25);
insert into PresetSuggestions (id, first_name) values (6, 8);
insert into PresetSuggestions (id, first_name) values (18, 13);
insert into PresetSuggestions (id, first_name) values (12, 44);
insert into PresetSuggestions (id, first_name) values (4, 58);
insert into PresetSuggestions (id, first_name) values (50, 10);
insert into PresetSuggestions (id, first_name) values (65, 2);
insert into PresetSuggestions (id, first_name) values (26, 19);
insert into PresetSuggestions (id, first_name) values (58, 10);
insert into PresetSuggestions (id, first_name) values (44, 49);
insert into PresetSuggestions (id, first_name) values (54, 19);
insert into PresetSuggestions (id, first_name) values (5, 66);
insert into PresetSuggestions (id, first_name) values (62, 28);
insert into PresetSuggestions (id, first_name) values (16, 27);
insert into PresetSuggestions (id, first_name) values (12, 34);
insert into PresetSuggestions (id, first_name) values (18, 61);
insert into PresetSuggestions (id, first_name) values (47, 23);
insert into PresetSuggestions (id, first_name) values (54, 59);
insert into PresetSuggestions (id, first_name) values (47, 30);
insert into PresetSuggestions (id, first_name) values (57, 62);
insert into PresetSuggestions (id, first_name) values (45, 43);
insert into PresetSuggestions (id, first_name) values (65, 16);
insert into PresetSuggestions (id, first_name) values (3, 43);
insert into PresetSuggestions (id, first_name) values (55, 67);
insert into PresetSuggestions (id, first_name) values (4, 69);
insert into PresetSuggestions (id, first_name) values (36, 1);
insert into PresetSuggestions (id, first_name) values (70, 42);
insert into PresetSuggestions (id, first_name) values (44, 13);
insert into PresetSuggestions (id, first_name) values (26, 25);
insert into PresetSuggestions (id, first_name) values (69, 56);
insert into PresetSuggestions (id, first_name) values (1, 35);
insert into PresetSuggestions (id, first_name) values (30, 64);
insert into PresetSuggestions (id, first_name) values (5, 30);
insert into PresetSuggestions (id, first_name) values (52, 20);
insert into PresetSuggestions (id, first_name) values (26, 20);
insert into PresetSuggestions (id, first_name) values (70, 1);
insert into PresetSuggestions (id, first_name) values (28, 48);
insert into PresetSuggestions (id, first_name) values (26, 17);
insert into PresetSuggestions (id, first_name) values (32, 9);
insert into PresetSuggestions (id, first_name) values (7, 49);
insert into PresetSuggestions (id, first_name) values (70, 63);
insert into PresetSuggestions (id, first_name) values (12, 67);
insert into PresetSuggestions (id, first_name) values (30, 35);


create table Visuals (
	color VARCHAR(6),
	shape VARCHAR(9),
	isWritable VARCHAR(50),
	length INT,
	width INT,
	suggestionID INT
);
insert into Visuals (color, shape, isWritable, length, width, suggestionID) values ('orange', 'triangle', false, 165, 85, 27);
insert into Visuals (color, shape, isWritable, length, width, suggestionID) values ('blue', 'pentagon', true, 167, 115, 44);
insert into Visuals (color, shape, isWritable, length, width, suggestionID) values ('black', 'triangle', true, 127, 70, 61);
insert into Visuals (color, shape, isWritable, length, width, suggestionID) values ('brown', 'rectangle', true, 50, 140, 26);
insert into Visuals (color, shape, isWritable, length, width, suggestionID) values ('red', 'rectangle', true, 29, 188, 56);
insert into Visuals (color, shape, isWritable, length, width, suggestionID) values ('green', 'square', true, 5, 75, 51);
insert into Visuals (color, shape, isWritable, length, width, suggestionID) values ('green', 'circle', false, 158, 34, 25);
insert into Visuals (color, shape, isWritable, length, width, suggestionID) values ('brown', 'circle', false, 7, 128, 7);
insert into Visuals (color, shape, isWritable, length, width, suggestionID) values ('black', 'square', false, 113, 112, 19);
insert into Visuals (color, shape, isWritable, length, width, suggestionID) values ('black', 'square', true, 65, 70, 59);
insert into Visuals (color, shape, isWritable, length, width, suggestionID) values ('orange', 'square', false, 148, 175, 6);
insert into Visuals (color, shape, isWritable, length, width, suggestionID) values ('brown', 'square', true, 3, 32, 30);
insert into Visuals (color, shape, isWritable, length, width, suggestionID) values ('blue', 'pentagon', false, 199, 196, 70);
insert into Visuals (color, shape, isWritable, length, width, suggestionID) values ('pink', 'triangle', true, 72, 35, 7);
insert into Visuals (color, shape, isWritable, length, width, suggestionID) values ('purple', 'pentagon', true, 29, 115, 55);
insert into Visuals (color, shape, isWritable, length, width, suggestionID) values ('yellow', 'circle', false, 45, 188, 24);
insert into Visuals (color, shape, isWritable, length, width, suggestionID) values ('orange', 'rectangle', false, 58, 79, 5);
insert into Visuals (color, shape, isWritable, length, width, suggestionID) values ('brown', 'pentagon', true, 5, 169, 42);
insert into Visuals (color, shape, isWritable, length, width, suggestionID) values ('black', 'circle', true, 17, 94, 5);
insert into Visuals (color, shape, isWritable, length, width, suggestionID) values ('red', 'triangle', true, 131, 63, 55);
insert into Visuals (color, shape, isWritable, length, width, suggestionID) values ('black', 'square', false, 13, 92, 67);
insert into Visuals (color, shape, isWritable, length, width, suggestionID) values ('red', 'circle', true, 121, 150, 43);
insert into Visuals (color, shape, isWritable, length, width, suggestionID) values ('yellow', 'rectangle', true, 160, 112, 17);
insert into Visuals (color, shape, isWritable, length, width, suggestionID) values ('pink', 'rectangle', true, 161, 8, 23);
insert into Visuals (color, shape, isWritable, length, width, suggestionID) values ('yellow', 'circle', false, 195, 113, 39);
insert into Visuals (color, shape, isWritable, length, width, suggestionID) values ('black', 'square', false, 148, 68, 53);
insert into Visuals (color, shape, isWritable, length, width, suggestionID) values ('orange', 'rectangle', false, 163, 25, 49);
insert into Visuals (color, shape, isWritable, length, width, suggestionID) values ('purple', 'rectangle', false, 28, 38, 56);
insert into Visuals (color, shape, isWritable, length, width, suggestionID) values ('brown', 'pentagon', false, 14, 44, 66);
insert into Visuals (color, shape, isWritable, length, width, suggestionID) values ('blue', 'circle', true, 200, 198, 22);
insert into Visuals (color, shape, isWritable, length, width, suggestionID) values ('orange', 'pentagon', true, 113, 44, 8);
insert into Visuals (color, shape, isWritable, length, width, suggestionID) values ('black', 'circle', false, 49, 48, 42);
insert into Visuals (color, shape, isWritable, length, width, suggestionID) values ('red', 'pentagon', true, 94, 82, 17);
insert into Visuals (color, shape, isWritable, length, width, suggestionID) values ('blue', 'rectangle', true, 114, 196, 35);
insert into Visuals (color, shape, isWritable, length, width, suggestionID) values ('red', 'triangle', true, 146, 112, 29);
insert into Visuals (color, shape, isWritable, length, width, suggestionID) values ('yellow', 'circle', true, 75, 29, 5);
insert into Visuals (color, shape, isWritable, length, width, suggestionID) values ('black', 'square', false, 131, 86, 53);
insert into Visuals (color, shape, isWritable, length, width, suggestionID) values ('purple', 'circle', false, 36, 15, 66);
insert into Visuals (color, shape, isWritable, length, width, suggestionID) values ('purple', 'circle', true, 2, 129, 1);
insert into Visuals (color, shape, isWritable, length, width, suggestionID) values ('white', 'rectangle', true, 102, 110, 16);
insert into Visuals (color, shape, isWritable, length, width, suggestionID) values ('green', 'circle', true, 190, 53, 14);
insert into Visuals (color, shape, isWritable, length, width, suggestionID) values ('orange', 'square', true, 2, 22, 63);
insert into Visuals (color, shape, isWritable, length, width, suggestionID) values ('brown', 'circle', true, 38, 185, 6);
insert into Visuals (color, shape, isWritable, length, width, suggestionID) values ('red', 'rectangle', false, 145, 162, 52);
insert into Visuals (color, shape, isWritable, length, width, suggestionID) values ('brown', 'rectangle', false, 77, 193, 5);
insert into Visuals (color, shape, isWritable, length, width, suggestionID) values ('green', 'pentagon', true, 109, 53, 68);
insert into Visuals (color, shape, isWritable, length, width, suggestionID) values ('pink', 'pentagon', false, 158, 29, 51);
insert into Visuals (color, shape, isWritable, length, width, suggestionID) values ('brown', 'square', false, 26, 14, 61);
insert into Visuals (color, shape, isWritable, length, width, suggestionID) values ('green', 'pentagon', false, 75, 95, 70);
insert into Visuals (color, shape, isWritable, length, width, suggestionID) values ('yellow', 'circle', true, 41, 102, 69);
insert into Visuals (color, shape, isWritable, length, width, suggestionID) values ('red', 'circle', true, 18, 47, 10);
insert into Visuals (color, shape, isWritable, length, width, suggestionID) values ('orange', 'pentagon', true, 140, 64, 34);
insert into Visuals (color, shape, isWritable, length, width, suggestionID) values ('blue', 'circle', false, 161, 116, 65);
insert into Visuals (color, shape, isWritable, length, width, suggestionID) values ('pink', 'triangle', false, 139, 88, 51);
insert into Visuals (color, shape, isWritable, length, width, suggestionID) values ('pink', 'circle', false, 79, 192, 60);
insert into Visuals (color, shape, isWritable, length, width, suggestionID) values ('purple', 'square', true, 101, 195, 32);
insert into Visuals (color, shape, isWritable, length, width, suggestionID) values ('green', 'circle', true, 185, 48, 70);
insert into Visuals (color, shape, isWritable, length, width, suggestionID) values ('green', 'square', false, 170, 188, 7);
insert into Visuals (color, shape, isWritable, length, width, suggestionID) values ('pink', 'pentagon', false, 117, 195, 36);
insert into Visuals (color, shape, isWritable, length, width, suggestionID) values ('purple', 'pentagon', true, 173, 44, 66);
insert into Visuals (color, shape, isWritable, length, width, suggestionID) values ('brown', 'pentagon', true, 124, 108, 68);
insert into Visuals (color, shape, isWritable, length, width, suggestionID) values ('black', 'rectangle', true, 84, 181, 25);
insert into Visuals (color, shape, isWritable, length, width, suggestionID) values ('black', 'circle', true, 126, 41, 5);
insert into Visuals (color, shape, isWritable, length, width, suggestionID) values ('white', 'square', false, 3, 12, 20);
insert into Visuals (color, shape, isWritable, length, width, suggestionID) values ('black', 'pentagon', false, 40, 136, 12);
insert into Visuals (color, shape, isWritable, length, width, suggestionID) values ('white', 'square', false, 175, 77, 24);
insert into Visuals (color, shape, isWritable, length, width, suggestionID) values ('blue', 'pentagon', false, 78, 79, 41);
insert into Visuals (color, shape, isWritable, length, width, suggestionID) values ('brown', 'square', true, 108, 108, 3);
insert into Visuals (color, shape, isWritable, length, width, suggestionID) values ('black', 'pentagon', false, 28, 33, 60);
insert into Visuals (color, shape, isWritable, length, width, suggestionID) values ('red', 'rectangle', true, 94, 113, 45);


create table SuggestionsFDA (
	FDAID INT,
	suggestionID INT
);
insert into SuggestionsFDA (FDAID, suggestionID) values (56, 30);
insert into SuggestionsFDA (FDAID, suggestionID) values (34, 57);
insert into SuggestionsFDA (FDAID, suggestionID) values (69, 25);
insert into SuggestionsFDA (FDAID, suggestionID) values (17, 48);
insert into SuggestionsFDA (FDAID, suggestionID) values (21, 28);
insert into SuggestionsFDA (FDAID, suggestionID) values (25, 51);
insert into SuggestionsFDA (FDAID, suggestionID) values (3, 41);
insert into SuggestionsFDA (FDAID, suggestionID) values (39, 56);
insert into SuggestionsFDA (FDAID, suggestionID) values (45, 31);
insert into SuggestionsFDA (FDAID, suggestionID) values (33, 68);
insert into SuggestionsFDA (FDAID, suggestionID) values (51, 19);
insert into SuggestionsFDA (FDAID, suggestionID) values (35, 10);
insert into SuggestionsFDA (FDAID, suggestionID) values (6, 65);
insert into SuggestionsFDA (FDAID, suggestionID) values (50, 41);
insert into SuggestionsFDA (FDAID, suggestionID) values (24, 31);
insert into SuggestionsFDA (FDAID, suggestionID) values (32, 12);
insert into SuggestionsFDA (FDAID, suggestionID) values (61, 17);
insert into SuggestionsFDA (FDAID, suggestionID) values (10, 59);
insert into SuggestionsFDA (FDAID, suggestionID) values (42, 62);
insert into SuggestionsFDA (FDAID, suggestionID) values (27, 48);
insert into SuggestionsFDA (FDAID, suggestionID) values (61, 14);
insert into SuggestionsFDA (FDAID, suggestionID) values (62, 49);
insert into SuggestionsFDA (FDAID, suggestionID) values (15, 15);
insert into SuggestionsFDA (FDAID, suggestionID) values (22, 37);
insert into SuggestionsFDA (FDAID, suggestionID) values (66, 15);
insert into SuggestionsFDA (FDAID, suggestionID) values (54, 19);
insert into SuggestionsFDA (FDAID, suggestionID) values (23, 40);
insert into SuggestionsFDA (FDAID, suggestionID) values (20, 61);
insert into SuggestionsFDA (FDAID, suggestionID) values (48, 57);
insert into SuggestionsFDA (FDAID, suggestionID) values (13, 54);
insert into SuggestionsFDA (FDAID, suggestionID) values (2, 69);
insert into SuggestionsFDA (FDAID, suggestionID) values (31, 62);
insert into SuggestionsFDA (FDAID, suggestionID) values (20, 64);
insert into SuggestionsFDA (FDAID, suggestionID) values (63, 22);
insert into SuggestionsFDA (FDAID, suggestionID) values (68, 67);
insert into SuggestionsFDA (FDAID, suggestionID) values (52, 48);
insert into SuggestionsFDA (FDAID, suggestionID) values (69, 46);
insert into SuggestionsFDA (FDAID, suggestionID) values (46, 47);
insert into SuggestionsFDA (FDAID, suggestionID) values (14, 5);
insert into SuggestionsFDA (FDAID, suggestionID) values (37, 38);
insert into SuggestionsFDA (FDAID, suggestionID) values (3, 35);
insert into SuggestionsFDA (FDAID, suggestionID) values (17, 24);
insert into SuggestionsFDA (FDAID, suggestionID) values (29, 11);
insert into SuggestionsFDA (FDAID, suggestionID) values (45, 44);
insert into SuggestionsFDA (FDAID, suggestionID) values (37, 69);
insert into SuggestionsFDA (FDAID, suggestionID) values (51, 30);
insert into SuggestionsFDA (FDAID, suggestionID) values (67, 32);
insert into SuggestionsFDA (FDAID, suggestionID) values (55, 28);
insert into SuggestionsFDA (FDAID, suggestionID) values (22, 47);
insert into SuggestionsFDA (FDAID, suggestionID) values (26, 3);
insert into SuggestionsFDA (FDAID, suggestionID) values (63, 28);
insert into SuggestionsFDA (FDAID, suggestionID) values (2, 57);
insert into SuggestionsFDA (FDAID, suggestionID) values (11, 9);
insert into SuggestionsFDA (FDAID, suggestionID) values (37, 31);
insert into SuggestionsFDA (FDAID, suggestionID) values (58, 18);
insert into SuggestionsFDA (FDAID, suggestionID) values (70, 15);
insert into SuggestionsFDA (FDAID, suggestionID) values (53, 24);
insert into SuggestionsFDA (FDAID, suggestionID) values (70, 46);
insert into SuggestionsFDA (FDAID, suggestionID) values (66, 59);
insert into SuggestionsFDA (FDAID, suggestionID) values (52, 43);
insert into SuggestionsFDA (FDAID, suggestionID) values (25, 28);
insert into SuggestionsFDA (FDAID, suggestionID) values (60, 51);
insert into SuggestionsFDA (FDAID, suggestionID) values (45, 49);
insert into SuggestionsFDA (FDAID, suggestionID) values (47, 6);
insert into SuggestionsFDA (FDAID, suggestionID) values (37, 43);
insert into SuggestionsFDA (FDAID, suggestionID) values (62, 65);
insert into SuggestionsFDA (FDAID, suggestionID) values (61, 16);
insert into SuggestionsFDA (FDAID, suggestionID) values (49, 52);
insert into SuggestionsFDA (FDAID, suggestionID) values (40, 36);
insert into SuggestionsFDA (FDAID, suggestionID) values (35, 39);

create table HolidayFDA (
	FDAID INT,
	HolidayID INT
);
insert into HolidayFDA (FDAID, HolidayID) values (68, 27);
insert into HolidayFDA (FDAID, HolidayID) values (29, 29);
insert into HolidayFDA (FDAID, HolidayID) values (69, 22);
insert into HolidayFDA (FDAID, HolidayID) values (6, 43);
insert into HolidayFDA (FDAID, HolidayID) values (43, 44);
insert into HolidayFDA (FDAID, HolidayID) values (48, 9);
insert into HolidayFDA (FDAID, HolidayID) values (67, 39);
insert into HolidayFDA (FDAID, HolidayID) values (50, 23);
insert into HolidayFDA (FDAID, HolidayID) values (24, 18);
insert into HolidayFDA (FDAID, HolidayID) values (46, 9);
insert into HolidayFDA (FDAID, HolidayID) values (64, 26);
insert into HolidayFDA (FDAID, HolidayID) values (18, 64);
insert into HolidayFDA (FDAID, HolidayID) values (4, 60);
insert into HolidayFDA (FDAID, HolidayID) values (53, 9);
insert into HolidayFDA (FDAID, HolidayID) values (54, 46);
insert into HolidayFDA (FDAID, HolidayID) values (25, 69);
insert into HolidayFDA (FDAID, HolidayID) values (3, 1);
insert into HolidayFDA (FDAID, HolidayID) values (13, 39);
insert into HolidayFDA (FDAID, HolidayID) values (53, 7);
insert into HolidayFDA (FDAID, HolidayID) values (34, 52);
insert into HolidayFDA (FDAID, HolidayID) values (70, 64);
insert into HolidayFDA (FDAID, HolidayID) values (38, 42);
insert into HolidayFDA (FDAID, HolidayID) values (24, 54);
insert into HolidayFDA (FDAID, HolidayID) values (55, 26);
insert into HolidayFDA (FDAID, HolidayID) values (47, 9);
insert into HolidayFDA (FDAID, HolidayID) values (13, 8);
insert into HolidayFDA (FDAID, HolidayID) values (25, 58);
insert into HolidayFDA (FDAID, HolidayID) values (65, 36);
insert into HolidayFDA (FDAID, HolidayID) values (7, 28);
insert into HolidayFDA (FDAID, HolidayID) values (21, 36);
insert into HolidayFDA (FDAID, HolidayID) values (10, 45);
insert into HolidayFDA (FDAID, HolidayID) values (19, 15);
insert into HolidayFDA (FDAID, HolidayID) values (66, 22);
insert into HolidayFDA (FDAID, HolidayID) values (29, 8);
insert into HolidayFDA (FDAID, HolidayID) values (69, 5);
insert into HolidayFDA (FDAID, HolidayID) values (6, 24);
insert into HolidayFDA (FDAID, HolidayID) values (47, 62);
insert into HolidayFDA (FDAID, HolidayID) values (31, 62);
insert into HolidayFDA (FDAID, HolidayID) values (67, 14);
insert into HolidayFDA (FDAID, HolidayID) values (50, 65);
insert into HolidayFDA (FDAID, HolidayID) values (59, 15);
insert into HolidayFDA (FDAID, HolidayID) values (4, 34);
insert into HolidayFDA (FDAID, HolidayID) values (9, 3);
insert into HolidayFDA (FDAID, HolidayID) values (36, 60);
insert into HolidayFDA (FDAID, HolidayID) values (32, 9);
insert into HolidayFDA (FDAID, HolidayID) values (33, 59);
insert into HolidayFDA (FDAID, HolidayID) values (5, 55);
insert into HolidayFDA (FDAID, HolidayID) values (66, 61);
insert into HolidayFDA (FDAID, HolidayID) values (21, 36);
insert into HolidayFDA (FDAID, HolidayID) values (51, 34);
insert into HolidayFDA (FDAID, HolidayID) values (23, 43);
insert into HolidayFDA (FDAID, HolidayID) values (11, 43);
insert into HolidayFDA (FDAID, HolidayID) values (23, 33);
insert into HolidayFDA (FDAID, HolidayID) values (16, 48);
insert into HolidayFDA (FDAID, HolidayID) values (9, 55);
insert into HolidayFDA (FDAID, HolidayID) values (20, 27);
insert into HolidayFDA (FDAID, HolidayID) values (10, 46);
insert into HolidayFDA (FDAID, HolidayID) values (3, 43);
insert into HolidayFDA (FDAID, HolidayID) values (25, 8);
insert into HolidayFDA (FDAID, HolidayID) values (60, 53);
insert into HolidayFDA (FDAID, HolidayID) values (32, 17);
insert into HolidayFDA (FDAID, HolidayID) values (36, 63);
insert into HolidayFDA (FDAID, HolidayID) values (1, 40);
insert into HolidayFDA (FDAID, HolidayID) values (2, 19);
insert into HolidayFDA (FDAID, HolidayID) values (2, 22);
insert into HolidayFDA (FDAID, HolidayID) values (38, 24);
insert into HolidayFDA (FDAID, HolidayID) values (19, 61);
insert into HolidayFDA (FDAID, HolidayID) values (64, 56);
insert into HolidayFDA (FDAID, HolidayID) values (58, 52);
insert into HolidayFDA (FDAID, HolidayID) values (70, 35);


create table ExportHistory (
	Files VARCHAR(36),
	LogID INT,
	AccountID INT,
	DateExported DATE
);
insert into ExportHistory (Files, LogID, AccountID, DateExported) values ('Training materials for new employees', 1, 41, '1/3/2025');
insert into ExportHistory (Files, LogID, AccountID, DateExported) values ('Project proposal for client review', 2, 29, '2/16/2024');
insert into ExportHistory (Files, LogID, AccountID, DateExported) values ('Project proposal for client review', 3, 29, '5/23/2021');
insert into ExportHistory (Files, LogID, AccountID, DateExported) values ('Training materials for new employees', 4, 24, '7/9/2024');
insert into ExportHistory (Files, LogID, AccountID, DateExported) values ('Meeting minutes for team discussion', 5, 6, '6/7/2022');
insert into ExportHistory (Files, LogID, AccountID, DateExported) values ('Training materials for new employees', 6, 43, '5/13/2024');
insert into ExportHistory (Files, LogID, AccountID, DateExported) values ('Training materials for new employees', 7, 56, '3/2/2021');
insert into ExportHistory (Files, LogID, AccountID, DateExported) values ('Training materials for new employees', 8, 34, '9/4/2021');
insert into ExportHistory (Files, LogID, AccountID, DateExported) values ('Training materials for new employees', 9, 52, '5/17/2023');
insert into ExportHistory (Files, LogID, AccountID, DateExported) values ('Project proposal for client review', 10, 66, '6/6/2023');
insert into ExportHistory (Files, LogID, AccountID, DateExported) values ('Training materials for new employees', 11, 27, '1/23/2021');
insert into ExportHistory (Files, LogID, AccountID, DateExported) values ('Detailed report on sales', 12, 43, '6/20/2024');
insert into ExportHistory (Files, LogID, AccountID, DateExported) values ('Meeting minutes for team discussion', 13, 65, '8/6/2021');
insert into ExportHistory (Files, LogID, AccountID, DateExported) values ('Training materials for new employees', 14, 66, '1/5/2022');
insert into ExportHistory (Files, LogID, AccountID, DateExported) values ('Training materials for new employees', 15, 11, '10/1/2020');
insert into ExportHistory (Files, LogID, AccountID, DateExported) values ('Project proposal for client review', 16, 44, '7/8/2020');
insert into ExportHistory (Files, LogID, AccountID, DateExported) values ('Detailed report on sales', 17, 52, '7/19/2024');
insert into ExportHistory (Files, LogID, AccountID, DateExported) values ('Project proposal for client review', 18, 46, '3/6/2023');
insert into ExportHistory (Files, LogID, AccountID, DateExported) values ('Detailed report on sales', 19, 15, '8/23/2022');
insert into ExportHistory (Files, LogID, AccountID, DateExported) values ('Meeting minutes for team discussion', 20, 46, '12/10/2022');
insert into ExportHistory (Files, LogID, AccountID, DateExported) values ('Training materials for new employees', 21, 26, '2/22/2021');
insert into ExportHistory (Files, LogID, AccountID, DateExported) values ('Project proposal for client review', 22, 66, '9/4/2020');
insert into ExportHistory (Files, LogID, AccountID, DateExported) values ('Training materials for new employees', 23, 41, '6/12/2021');
insert into ExportHistory (Files, LogID, AccountID, DateExported) values ('Meeting minutes for team discussion', 24, 38, '5/3/2022');
insert into ExportHistory (Files, LogID, AccountID, DateExported) values ('Training materials for new employees', 25, 4, '12/26/2021');
insert into ExportHistory (Files, LogID, AccountID, DateExported) values ('Meeting minutes for team discussion', 26, 67, '2/25/2021');
insert into ExportHistory (Files, LogID, AccountID, DateExported) values ('Meeting minutes for team discussion', 27, 46, '10/13/2021');
insert into ExportHistory (Files, LogID, AccountID, DateExported) values ('Training materials for new employees', 28, 4, '8/2/2020');
insert into ExportHistory (Files, LogID, AccountID, DateExported) values ('Training materials for new employees', 29, 66, '5/27/2023');
insert into ExportHistory (Files, LogID, AccountID, DateExported) values ('Project proposal for client review', 30, 70, '7/31/2022');
insert into ExportHistory (Files, LogID, AccountID, DateExported) values ('Detailed report on sales', 31, 16, '2/27/2023');
insert into ExportHistory (Files, LogID, AccountID, DateExported) values ('Detailed report on sales', 32, 63, '1/14/2024');
insert into ExportHistory (Files, LogID, AccountID, DateExported) values ('Detailed report on sales', 33, 18, '5/30/2021');
insert into ExportHistory (Files, LogID, AccountID, DateExported) values ('Detailed report on sales', 34, 57, '6/15/2023');
insert into ExportHistory (Files, LogID, AccountID, DateExported) values ('Meeting minutes for team discussion', 35, 38, '3/18/2025');
insert into ExportHistory (Files, LogID, AccountID, DateExported) values ('Project proposal for client review', 36, 65, '3/6/2025');
insert into ExportHistory (Files, LogID, AccountID, DateExported) values ('Meeting minutes for team discussion', 37, 47, '3/1/2022');
insert into ExportHistory (Files, LogID, AccountID, DateExported) values ('Detailed report on sales', 38, 51, '11/29/2021');
insert into ExportHistory (Files, LogID, AccountID, DateExported) values ('Meeting minutes for team discussion', 39, 28, '6/24/2020');
insert into ExportHistory (Files, LogID, AccountID, DateExported) values ('Meeting minutes for team discussion', 40, 64, '3/22/2022');
insert into ExportHistory (Files, LogID, AccountID, DateExported) values ('Training materials for new employees', 41, 52, '3/22/2024');
insert into ExportHistory (Files, LogID, AccountID, DateExported) values ('Training materials for new employees', 42, 15, '12/25/2023');
insert into ExportHistory (Files, LogID, AccountID, DateExported) values ('Project proposal for client review', 43, 44, '11/12/2021');
insert into ExportHistory (Files, LogID, AccountID, DateExported) values ('Meeting minutes for team discussion', 44, 30, '4/27/2020');
insert into ExportHistory (Files, LogID, AccountID, DateExported) values ('Training materials for new employees', 45, 25, '12/30/2021');
insert into ExportHistory (Files, LogID, AccountID, DateExported) values ('Meeting minutes for team discussion', 46, 22, '9/9/2021');
insert into ExportHistory (Files, LogID, AccountID, DateExported) values ('Project proposal for client review', 47, 66, '2/24/2024');
insert into ExportHistory (Files, LogID, AccountID, DateExported) values ('Meeting minutes for team discussion', 48, 37, '7/23/2020');
insert into ExportHistory (Files, LogID, AccountID, DateExported) values ('Detailed report on sales', 49, 35, '9/28/2021');
insert into ExportHistory (Files, LogID, AccountID, DateExported) values ('Training materials for new employees', 50, 12, '10/5/2021');
insert into ExportHistory (Files, LogID, AccountID, DateExported) values ('Training materials for new employees', 51, 66, '2/19/2022');
insert into ExportHistory (Files, LogID, AccountID, DateExported) values ('Meeting minutes for team discussion', 52, 67, '4/17/2024');
insert into ExportHistory (Files, LogID, AccountID, DateExported) values ('Project proposal for client review', 53, 9, '2/2/2023');
insert into ExportHistory (Files, LogID, AccountID, DateExported) values ('Project proposal for client review', 54, 51, '2/12/2025');
insert into ExportHistory (Files, LogID, AccountID, DateExported) values ('Meeting minutes for team discussion', 55, 36, '11/16/2020');
insert into ExportHistory (Files, LogID, AccountID, DateExported) values ('Detailed report on sales', 56, 2, '12/3/2023');
insert into ExportHistory (Files, LogID, AccountID, DateExported) values ('Meeting minutes for team discussion', 57, 49, '2/9/2023');
insert into ExportHistory (Files, LogID, AccountID, DateExported) values ('Training materials for new employees', 58, 43, '6/21/2023');
insert into ExportHistory (Files, LogID, AccountID, DateExported) values ('Meeting minutes for team discussion', 59, 46, '5/28/2023');
insert into ExportHistory (Files, LogID, AccountID, DateExported) values ('Training materials for new employees', 60, 64, '2/28/2023');
insert into ExportHistory (Files, LogID, AccountID, DateExported) values ('Meeting minutes for team discussion', 61, 44, '4/10/2021');
insert into ExportHistory (Files, LogID, AccountID, DateExported) values ('Training materials for new employees', 62, 56, '4/4/2021');
insert into ExportHistory (Files, LogID, AccountID, DateExported) values ('Meeting minutes for team discussion', 63, 64, '4/7/2025');
insert into ExportHistory (Files, LogID, AccountID, DateExported) values ('Training materials for new employees', 64, 14, '1/12/2022');
insert into ExportHistory (Files, LogID, AccountID, DateExported) values ('Training materials for new employees', 65, 55, '7/13/2023');
insert into ExportHistory (Files, LogID, AccountID, DateExported) values ('Detailed report on sales', 66, 36, '1/1/2022');
insert into ExportHistory (Files, LogID, AccountID, DateExported) values ('Meeting minutes for team discussion', 67, 69, '3/2/2023');
insert into ExportHistory (Files, LogID, AccountID, DateExported) values ('Detailed report on sales', 68, 31, '10/11/2023');
insert into ExportHistory (Files, LogID, AccountID, DateExported) values ('Project proposal for client review', 69, 10, '2/17/2024');
insert into ExportHistory (Files, LogID, AccountID, DateExported) values ('Project proposal for client review', 70, 44, '10/31/2024');


create table InputHistory (
	InputID INT,
	InputDate DATE
);
insert into InputHistory (InputID, InputDate) values (61, '7/28/2022');
insert into InputHistory (InputID, InputDate) values (2, '10/12/2024');
insert into InputHistory (InputID, InputDate) values (5, '9/4/2024');
insert into InputHistory (InputID, InputDate) values (14, '2/2/2023');
insert into InputHistory (InputID, InputDate) values (39, '2/1/2023');
insert into InputHistory (InputID, InputDate) values (2, '6/18/2020');
insert into InputHistory (InputID, InputDate) values (4, '12/1/2021');
insert into InputHistory (InputID, InputDate) values (70, '7/11/2021');
insert into InputHistory (InputID, InputDate) values (3, '8/11/2021');
insert into InputHistory (InputID, InputDate) values (21, '7/15/2022');
insert into InputHistory (InputID, InputDate) values (70, '12/22/2022');
insert into InputHistory (InputID, InputDate) values (39, '9/9/2023');
insert into InputHistory (InputID, InputDate) values (18, '3/11/2025');
insert into InputHistory (InputID, InputDate) values (25, '5/31/2024');
insert into InputHistory (InputID, InputDate) values (39, '4/24/2023');
insert into InputHistory (InputID, InputDate) values (44, '9/28/2024');
insert into InputHistory (InputID, InputDate) values (62, '9/15/2021');
insert into InputHistory (InputID, InputDate) values (37, '2/6/2024');
insert into InputHistory (InputID, InputDate) values (34, '12/10/2022');
insert into InputHistory (InputID, InputDate) values (56, '2/23/2023');
insert into InputHistory (InputID, InputDate) values (31, '10/26/2021');
insert into InputHistory (InputID, InputDate) values (5, '1/19/2023');
insert into InputHistory (InputID, InputDate) values (59, '12/22/2020');
insert into InputHistory (InputID, InputDate) values (27, '5/29/2021');
insert into InputHistory (InputID, InputDate) values (4, '4/14/2021');
insert into InputHistory (InputID, InputDate) values (2, '6/6/2022');
insert into InputHistory (InputID, InputDate) values (48, '6/22/2024');
insert into InputHistory (InputID, InputDate) values (1, '6/3/2021');
insert into InputHistory (InputID, InputDate) values (65, '12/14/2020');
insert into InputHistory (InputID, InputDate) values (39, '10/18/2020');
insert into InputHistory (InputID, InputDate) values (63, '2/18/2024');
insert into InputHistory (InputID, InputDate) values (33, '8/7/2024');
insert into InputHistory (InputID, InputDate) values (7, '1/15/2025');
insert into InputHistory (InputID, InputDate) values (11, '9/29/2024');
insert into InputHistory (InputID, InputDate) values (41, '5/25/2023');
insert into InputHistory (InputID, InputDate) values (35, '11/15/2024');
insert into InputHistory (InputID, InputDate) values (8, '6/23/2021');
insert into InputHistory (InputID, InputDate) values (39, '8/4/2022');
insert into InputHistory (InputID, InputDate) values (24, '3/22/2025');
insert into InputHistory (InputID, InputDate) values (26, '3/12/2024');
insert into InputHistory (InputID, InputDate) values (10, '11/2/2021');
insert into InputHistory (InputID, InputDate) values (25, '1/18/2025');
insert into InputHistory (InputID, InputDate) values (13, '4/29/2023');
insert into InputHistory (InputID, InputDate) values (56, '4/18/2021');
insert into InputHistory (InputID, InputDate) values (50, '7/14/2020');
insert into InputHistory (InputID, InputDate) values (63, '9/6/2021');
insert into InputHistory (InputID, InputDate) values (63, '12/17/2023');
insert into InputHistory (InputID, InputDate) values (43, '9/5/2020');
insert into InputHistory (InputID, InputDate) values (53, '10/16/2020');
insert into InputHistory (InputID, InputDate) values (15, '6/13/2024');
insert into InputHistory (InputID, InputDate) values (4, '12/9/2020');
insert into InputHistory (InputID, InputDate) values (36, '4/21/2023');
insert into InputHistory (InputID, InputDate) values (1, '12/25/2024');
insert into InputHistory (InputID, InputDate) values (14, '1/22/2022');
insert into InputHistory (InputID, InputDate) values (55, '1/28/2025');
insert into InputHistory (InputID, InputDate) values (54, '1/8/2022');
insert into InputHistory (InputID, InputDate) values (41, '8/11/2021');
insert into InputHistory (InputID, InputDate) values (22, '3/14/2023');
insert into InputHistory (InputID, InputDate) values (55, '3/26/2025');
insert into InputHistory (InputID, InputDate) values (56, '6/4/2024');
insert into InputHistory (InputID, InputDate) values (67, '11/15/2023');
insert into InputHistory (InputID, InputDate) values (34, '8/22/2020');
insert into InputHistory (InputID, InputDate) values (28, '11/9/2022');
insert into InputHistory (InputID, InputDate) values (25, '11/15/2023');
insert into InputHistory (InputID, InputDate) values (53, '6/26/2021');
insert into InputHistory (InputID, InputDate) values (24, '7/21/2021');
insert into InputHistory (InputID, InputDate) values (35, '2/28/2025');
insert into InputHistory (InputID, InputDate) values (60, '9/28/2024');
insert into InputHistory (InputID, InputDate) values (62, '5/17/2022');
insert into InputHistory (InputID, InputDate) values (59, '6/8/2020');

