create table Users (
	userID INT,
	LastSeen DATE,
	MarkedForRemoval VARCHAR(50)
);
insert into Users (userID, LastSeen, MarkedForRemoval) values (1, '12/8/2022', false);
insert into Users (userID, LastSeen, MarkedForRemoval) values (2, '8/15/2023', true);
insert into Users (userID, LastSeen, MarkedForRemoval) values (3, '10/22/2023', true);
insert into Users (userID, LastSeen, MarkedForRemoval) values (4, '11/29/2025', false);
insert into Users (userID, LastSeen, MarkedForRemoval) values (5, '7/22/2023', true);
insert into Users (userID, LastSeen, MarkedForRemoval) values (6, '5/11/2022', true);
insert into Users (userID, LastSeen, MarkedForRemoval) values (7, '11/5/2022', false);
insert into Users (userID, LastSeen, MarkedForRemoval) values (8, '9/10/2023', true);
insert into Users (userID, LastSeen, MarkedForRemoval) values (9, '1/11/2021', false);
insert into Users (userID, LastSeen, MarkedForRemoval) values (10, '2/20/2023', false);
insert into Users (userID, LastSeen, MarkedForRemoval) values (11, '11/22/2022', false);
insert into Users (userID, LastSeen, MarkedForRemoval) values (12, '3/20/2025', false);
insert into Users (userID, LastSeen, MarkedForRemoval) values (13, '11/8/2023', true);
insert into Users (userID, LastSeen, MarkedForRemoval) values (14, '1/23/2022', true);
insert into Users (userID, LastSeen, MarkedForRemoval) values (15, '9/18/2022', true);
insert into Users (userID, LastSeen, MarkedForRemoval) values (16, '12/26/2023', true);
insert into Users (userID, LastSeen, MarkedForRemoval) values (17, '5/19/2021', true);
insert into Users (userID, LastSeen, MarkedForRemoval) values (18, '2/16/2022', false);
insert into Users (userID, LastSeen, MarkedForRemoval) values (19, '8/12/2021', false);
insert into Users (userID, LastSeen, MarkedForRemoval) values (20, '4/23/2022', false);
insert into Users (userID, LastSeen, MarkedForRemoval) values (21, '12/25/2023', false);
insert into Users (userID, LastSeen, MarkedForRemoval) values (22, '11/30/2025', true);
insert into Users (userID, LastSeen, MarkedForRemoval) values (23, '11/8/2024', true);
insert into Users (userID, LastSeen, MarkedForRemoval) values (24, '3/4/2024', false);
insert into Users (userID, LastSeen, MarkedForRemoval) values (25, '5/8/2021', false);
insert into Users (userID, LastSeen, MarkedForRemoval) values (26, '6/10/2022', true);
insert into Users (userID, LastSeen, MarkedForRemoval) values (27, '3/25/2022', false);
insert into Users (userID, LastSeen, MarkedForRemoval) values (28, '5/23/2025', true);
insert into Users (userID, LastSeen, MarkedForRemoval) values (29, '12/5/2025', false);
insert into Users (userID, LastSeen, MarkedForRemoval) values (30, '10/10/2024', false);
insert into Users (userID, LastSeen, MarkedForRemoval) values (31, '7/17/2025', true);
insert into Users (userID, LastSeen, MarkedForRemoval) values (32, '9/9/2022', true);
insert into Users (userID, LastSeen, MarkedForRemoval) values (33, '12/14/2023', false);
insert into Users (userID, LastSeen, MarkedForRemoval) values (34, '1/13/2023', true);
insert into Users (userID, LastSeen, MarkedForRemoval) values (35, '10/27/2025', true);
insert into Users (userID, LastSeen, MarkedForRemoval) values (36, '7/12/2025', false);
insert into Users (userID, LastSeen, MarkedForRemoval) values (37, '10/1/2024', true);
insert into Users (userID, LastSeen, MarkedForRemoval) values (38, '2/13/2025', true);
insert into Users (userID, LastSeen, MarkedForRemoval) values (39, '7/1/2023', false);
insert into Users (userID, LastSeen, MarkedForRemoval) values (40, '1/12/2024', true);
insert into Users (userID, LastSeen, MarkedForRemoval) values (41, '6/9/2024', false);
insert into Users (userID, LastSeen, MarkedForRemoval) values (42, '10/29/2025', false);
insert into Users (userID, LastSeen, MarkedForRemoval) values (43, '2/9/2021', false);
insert into Users (userID, LastSeen, MarkedForRemoval) values (44, '5/12/2021', true);
insert into Users (userID, LastSeen, MarkedForRemoval) values (45, '12/5/2023', false);
insert into Users (userID, LastSeen, MarkedForRemoval) values (46, '6/4/2023', true);
insert into Users (userID, LastSeen, MarkedForRemoval) values (47, '8/25/2024', false);
insert into Users (userID, LastSeen, MarkedForRemoval) values (48, '12/12/2022', false);
insert into Users (userID, LastSeen, MarkedForRemoval) values (49, '5/3/2024', false);
insert into Users (userID, LastSeen, MarkedForRemoval) values (50, '4/20/2023', true);
insert into Users (userID, LastSeen, MarkedForRemoval) values (51, '2/8/2024', false);
insert into Users (userID, LastSeen, MarkedForRemoval) values (52, '11/22/2024', true);
insert into Users (userID, LastSeen, MarkedForRemoval) values (53, '5/16/2024', false);
insert into Users (userID, LastSeen, MarkedForRemoval) values (54, '4/10/2022', true);
insert into Users (userID, LastSeen, MarkedForRemoval) values (55, '1/15/2021', true);
insert into Users (userID, LastSeen, MarkedForRemoval) values (56, '9/18/2024', true);
insert into Users (userID, LastSeen, MarkedForRemoval) values (57, '6/25/2023', true);
insert into Users (userID, LastSeen, MarkedForRemoval) values (58, '10/29/2023', true);
insert into Users (userID, LastSeen, MarkedForRemoval) values (59, '5/13/2025', true);
insert into Users (userID, LastSeen, MarkedForRemoval) values (60, '5/4/2022', false);
insert into Users (userID, LastSeen, MarkedForRemoval) values (61, '3/20/2025', false);
insert into Users (userID, LastSeen, MarkedForRemoval) values (62, '2/9/2025', false);
insert into Users (userID, LastSeen, MarkedForRemoval) values (63, '1/26/2023', true);
insert into Users (userID, LastSeen, MarkedForRemoval) values (64, '7/20/2022', false);
insert into Users (userID, LastSeen, MarkedForRemoval) values (65, '2/3/2024', true);
insert into Users (userID, LastSeen, MarkedForRemoval) values (66, '12/3/2024', false);
insert into Users (userID, LastSeen, MarkedForRemoval) values (67, '9/14/2021', true);
insert into Users (userID, LastSeen, MarkedForRemoval) values (68, '10/29/2025', false);
insert into Users (userID, LastSeen, MarkedForRemoval) values (69, '4/7/2023', true);
insert into Users (userID, LastSeen, MarkedForRemoval) values (70, '11/7/2024', true);

create table Accounts (
	AccountID INT,
	AccountType VARCHAR(50),
	AppID INT,
	UserID INT,
	ProfilePicture VARCHAR(50),
	ProfileDescription VARCHAR(50)

);
insert into Accounts (AccountID, AccountType, AppID, UserID, ProfilePicture, ProfileDescription) values (1, 'Product Engineer', 59, 41, 'https://robohash.org/etvoluptatibusut.png?size=50x50&set=set1', 'Down-sized 24/7 productivity');
insert into Accounts (AccountID, AccountType, AppID, UserID, ProfilePicture, ProfileDescription) values (2, 'VP Quality Control', 13, 45, 'https://robohash.org/utquaequi.png?size=50x50&set=set1', 'Virtual bifurcated middleware');
insert into Accounts (AccountID, AccountType, AppID, UserID, ProfilePicture, ProfileDescription) values (3, 'Media Manager II', 55, 48, 'https://robohash.org/dolorexercitationemlaudantium.png?size=50x50&set=set1', 'Quality-focused dynamic secured line');
insert into Accounts (AccountID, AccountType, AppID, UserID, ProfilePicture, ProfileDescription) values (4, 'Internal Auditor', 33, 21, 'https://robohash.org/eostemporaet.png?size=50x50&set=set1', 'Devolved bi-directional architecture');
insert into Accounts (AccountID, AccountType, AppID, UserID, ProfilePicture, ProfileDescription) values (5, 'Research Associate', 34, 23, 'https://robohash.org/adipiscidolorerem.png?size=50x50&set=set1', 'Enhanced optimal algorithm');
insert into Accounts (AccountID, AccountType, AppID, UserID, ProfilePicture, ProfileDescription) values (6, 'Structural Analysis Engineer', 16, 6, 'https://robohash.org/reprehenderiteiusquibusdam.png?size=50x50&set=set1', 'Profit-focused dynamic superstructure');
insert into Accounts (AccountID, AccountType, AppID, UserID, ProfilePicture, ProfileDescription) values (7, 'Biostatistician I', 22, 12, 'https://robohash.org/possimusvoluptasvoluptas.png?size=50x50&set=set1', 'Decentralized even-keeled instruction set');
insert into Accounts (AccountID, AccountType, AppID, UserID, ProfilePicture, ProfileDescription) values (8, 'Design Engineer', 6, 15, 'https://robohash.org/deseruntautemsed.png?size=50x50&set=set1', 'Enhanced real-time projection');
insert into Accounts (AccountID, AccountType, AppID, UserID, ProfilePicture, ProfileDescription) values (9, 'Web Developer III', 18, 33, 'https://robohash.org/cumquetotamasperiores.png?size=50x50&set=set1', 'Extended systemic conglomeration');
insert into Accounts (AccountID, AccountType, AppID, UserID, ProfilePicture, ProfileDescription) values (10, 'Occupational Therapist', 70, 5, 'https://robohash.org/distinctioutsapiente.png?size=50x50&set=set1', 'User-friendly heuristic migration');
insert into Accounts (AccountID, AccountType, AppID, UserID, ProfilePicture, ProfileDescription) values (11, 'Database Administrator II', 36, 38, 'https://robohash.org/nihilfaceremollitia.png?size=50x50&set=set1', 'Configurable intermediate matrix');
insert into Accounts (AccountID, AccountType, AppID, UserID, ProfilePicture, ProfileDescription) values (12, 'Pharmacist', 65, 16, 'https://robohash.org/aliquidnequeofficia.png?size=50x50&set=set1', 'Realigned bottom-line ability');
insert into Accounts (AccountID, AccountType, AppID, UserID, ProfilePicture, ProfileDescription) values (13, 'Project Manager', 19, 25, 'https://robohash.org/adipisciquasquia.png?size=50x50&set=set1', 'Realigned responsive internet solution');
insert into Accounts (AccountID, AccountType, AppID, UserID, ProfilePicture, ProfileDescription) values (14, 'Operator', 48, 65, 'https://robohash.org/aevenietofficiis.png?size=50x50&set=set1', 'Versatile incremental protocol');
insert into Accounts (AccountID, AccountType, AppID, UserID, ProfilePicture, ProfileDescription) values (15, 'Engineer II', 18, 33, 'https://robohash.org/ipsaetquisquam.png?size=50x50&set=set1', 'Upgradable neutral framework');
insert into Accounts (AccountID, AccountType, AppID, UserID, ProfilePicture, ProfileDescription) values (16, 'Senior Financial Analyst', 32, 61, 'https://robohash.org/itaqueetnon.png?size=50x50&set=set1', 'Advanced executive open system');
insert into Accounts (AccountID, AccountType, AppID, UserID, ProfilePicture, ProfileDescription) values (17, 'Automation Specialist III', 48, 19, 'https://robohash.org/quisporroquis.png?size=50x50&set=set1', 'Stand-alone disintermediate help-desk');
insert into Accounts (AccountID, AccountType, AppID, UserID, ProfilePicture, ProfileDescription) values (18, 'GIS Technical Architect', 61, 31, 'https://robohash.org/nemorerumomnis.png?size=50x50&set=set1', 'Grass-roots maximized monitoring');
insert into Accounts (AccountID, AccountType, AppID, UserID, ProfilePicture, ProfileDescription) values (19, 'Editor', 30, 39, 'https://robohash.org/etconsecteturdicta.png?size=50x50&set=set1', 'Reverse-engineered secondary model');
insert into Accounts (AccountID, AccountType, AppID, UserID, ProfilePicture, ProfileDescription) values (20, 'Web Designer III', 22, 40, 'https://robohash.org/distinctioullameum.png?size=50x50&set=set1', 'Self-enabling tangible conglomeration');
insert into Accounts (AccountID, AccountType, AppID, UserID, ProfilePicture, ProfileDescription) values (21, 'Paralegal', 26, 40, 'https://robohash.org/enimteneturqui.png?size=50x50&set=set1', 'Organized executive infrastructure');
insert into Accounts (AccountID, AccountType, AppID, UserID, ProfilePicture, ProfileDescription) values (22, 'Statistician III', 51, 28, 'https://robohash.org/quodsintrem.png?size=50x50&set=set1', 'Monitored interactive policy');
insert into Accounts (AccountID, AccountType, AppID, UserID, ProfilePicture, ProfileDescription) values (23, 'Programmer IV', 55, 22, 'https://robohash.org/voluptasimpeditodit.png?size=50x50&set=set1', 'Progressive reciprocal matrices');
insert into Accounts (AccountID, AccountType, AppID, UserID, ProfilePicture, ProfileDescription) values (24, 'Director of Sales', 31, 69, 'https://robohash.org/quaeexercitationemenim.png?size=50x50&set=set1', 'Open-architected context-sensitive time-frame');
insert into Accounts (AccountID, AccountType, AppID, UserID, ProfilePicture, ProfileDescription) values (25, 'Occupational Therapist', 69, 66, 'https://robohash.org/veleaquis.png?size=50x50&set=set1', 'Function-based secondary adapter');
insert into Accounts (AccountID, AccountType, AppID, UserID, ProfilePicture, ProfileDescription) values (26, 'Geological Engineer', 15, 55, 'https://robohash.org/utprovidenttemporibus.png?size=50x50&set=set1', 'Automated 3rd generation frame');
insert into Accounts (AccountID, AccountType, AppID, UserID, ProfilePicture, ProfileDescription) values (27, 'Senior Editor', 20, 22, 'https://robohash.org/dignissimosrationeadipisci.png?size=50x50&set=set1', 'Robust solution-oriented system engine');
insert into Accounts (AccountID, AccountType, AppID, UserID, ProfilePicture, ProfileDescription) values (28, 'Senior Quality Engineer', 70, 15, 'https://robohash.org/exquiaet.png?size=50x50&set=set1', 'Multi-tiered well-modulated strategy');
insert into Accounts (AccountID, AccountType, AppID, UserID, ProfilePicture, ProfileDescription) values (29, 'Senior Editor', 3, 61, 'https://robohash.org/autemsimiliquesed.png?size=50x50&set=set1', 'Diverse composite encryption');
insert into Accounts (AccountID, AccountType, AppID, UserID, ProfilePicture, ProfileDescription) values (30, 'Operator', 21, 60, 'https://robohash.org/voluptatibusquibusdamullam.png?size=50x50&set=set1', 'Function-based modular structure');
insert into Accounts (AccountID, AccountType, AppID, UserID, ProfilePicture, ProfileDescription) values (31, 'Help Desk Operator', 22, 47, 'https://robohash.org/etvelnon.png?size=50x50&set=set1', 'Fully-configurable logistical emulation');
insert into Accounts (AccountID, AccountType, AppID, UserID, ProfilePicture, ProfileDescription) values (32, 'Structural Engineer', 59, 32, 'https://robohash.org/quideminciduntquo.png?size=50x50&set=set1', 'Function-based next generation artificial intelligence');
insert into Accounts (AccountID, AccountType, AppID, UserID, ProfilePicture, ProfileDescription) values (33, 'Clinical Specialist', 28, 46, 'https://robohash.org/etdeseruntconsequatur.png?size=50x50&set=set1', 'Synergistic heuristic moratorium');
insert into Accounts (AccountID, AccountType, AppID, UserID, ProfilePicture, ProfileDescription) values (34, 'Junior Executive', 8, 58, 'https://robohash.org/quoreprehenderitut.png?size=50x50&set=set1', 'Extended 3rd generation workforce');
insert into Accounts (AccountID, AccountType, AppID, UserID, ProfilePicture, ProfileDescription) values (35, 'Nurse', 69, 35, 'https://robohash.org/odiodignissimosexplicabo.png?size=50x50&set=set1', 'Fully-configurable foreground implementation');
insert into Accounts (AccountID, AccountType, AppID, UserID, ProfilePicture, ProfileDescription) values (36, 'Research Nurse', 29, 47, 'https://robohash.org/nisiblanditiisipsam.png?size=50x50&set=set1', 'Centralized optimizing architecture');
insert into Accounts (AccountID, AccountType, AppID, UserID, ProfilePicture, ProfileDescription) values (37, 'Software Consultant', 42, 57, 'https://robohash.org/sitvelquibusdam.png?size=50x50&set=set1', 'Innovative optimizing synergy');
insert into Accounts (AccountID, AccountType, AppID, UserID, ProfilePicture, ProfileDescription) values (38, 'Environmental Specialist', 63, 16, 'https://robohash.org/nonnesciuntlibero.png?size=50x50&set=set1', 'Inverse real-time service-desk');
insert into Accounts (AccountID, AccountType, AppID, UserID, ProfilePicture, ProfileDescription) values (39, 'Technical Writer', 13, 13, 'https://robohash.org/estquivelit.png?size=50x50&set=set1', 'Fundamental system-worthy knowledge base');
insert into Accounts (AccountID, AccountType, AppID, UserID, ProfilePicture, ProfileDescription) values (40, 'Senior Developer', 38, 31, 'https://robohash.org/sedatquequis.png?size=50x50&set=set1', 'Ergonomic holistic matrix');
insert into Accounts (AccountID, AccountType, AppID, UserID, ProfilePicture, ProfileDescription) values (41, 'Chemical Engineer', 60, 36, 'https://robohash.org/dolorvoluptateminima.png?size=50x50&set=set1', 'Devolved scalable knowledge base');
insert into Accounts (AccountID, AccountType, AppID, UserID, ProfilePicture, ProfileDescription) values (42, 'Dental Hygienist', 48, 64, 'https://robohash.org/remblanditiiset.png?size=50x50&set=set1', 'Customizable content-based hierarchy');
insert into Accounts (AccountID, AccountType, AppID, UserID, ProfilePicture, ProfileDescription) values (43, 'Recruiting Manager', 16, 60, 'https://robohash.org/autnatussed.png?size=50x50&set=set1', 'Universal real-time open architecture');
insert into Accounts (AccountID, AccountType, AppID, UserID, ProfilePicture, ProfileDescription) values (44, 'Speech Pathologist', 34, 38, 'https://robohash.org/saepeenimullam.png?size=50x50&set=set1', 'Implemented content-based migration');
insert into Accounts (AccountID, AccountType, AppID, UserID, ProfilePicture, ProfileDescription) values (45, 'Project Manager', 4, 27, 'https://robohash.org/estrationevoluptatem.png?size=50x50&set=set1', 'Cross-platform incremental knowledge base');
insert into Accounts (AccountID, AccountType, AppID, UserID, ProfilePicture, ProfileDescription) values (46, 'Desktop Support Technician', 62, 36, 'https://robohash.org/commodiveldolores.png?size=50x50&set=set1', 'Horizontal regional website');
insert into Accounts (AccountID, AccountType, AppID, UserID, ProfilePicture, ProfileDescription) values (47, 'Administrative Assistant I', 43, 61, 'https://robohash.org/officiaoditprovident.png?size=50x50&set=set1', 'Seamless explicit capacity');
insert into Accounts (AccountID, AccountType, AppID, UserID, ProfilePicture, ProfileDescription) values (48, 'Civil Engineer', 50, 5, 'https://robohash.org/officiaeaqueet.png?size=50x50&set=set1', 'Vision-oriented 5th generation monitoring');
insert into Accounts (AccountID, AccountType, AppID, UserID, ProfilePicture, ProfileDescription) values (49, 'Assistant Media Planner', 32, 56, 'https://robohash.org/autautemet.png?size=50x50&set=set1', 'Pre-emptive tangible time-frame');
insert into Accounts (AccountID, AccountType, AppID, UserID, ProfilePicture, ProfileDescription) values (50, 'Research Assistant III', 2, 25, 'https://robohash.org/doloresinventoredeleniti.png?size=50x50&set=set1', 'Up-sized maximized open architecture');
insert into Accounts (AccountID, AccountType, AppID, UserID, ProfilePicture, ProfileDescription) values (51, 'Human Resources Manager', 59, 41, 'https://robohash.org/porroculpaassumenda.png?size=50x50&set=set1', 'Quality-focused local architecture');
insert into Accounts (AccountID, AccountType, AppID, UserID, ProfilePicture, ProfileDescription) values (52, 'Research Assistant II', 16, 15, 'https://robohash.org/etvoluptasquidem.png?size=50x50&set=set1', 'Self-enabling intermediate benchmark');
insert into Accounts (AccountID, AccountType, AppID, UserID, ProfilePicture, ProfileDescription) values (53, 'Occupational Therapist', 58, 68, 'https://robohash.org/cupiditateetvoluptatibus.png?size=50x50&set=set1', 'Open-source full-range budgetary management');
insert into Accounts (AccountID, AccountType, AppID, UserID, ProfilePicture, ProfileDescription) values (54, 'Automation Specialist IV', 16, 11, 'https://robohash.org/autodioiure.png?size=50x50&set=set1', 'Organized modular hub');
insert into Accounts (AccountID, AccountType, AppID, UserID, ProfilePicture, ProfileDescription) values (55, 'Software Engineer IV', 34, 55, 'https://robohash.org/nemoutdolores.png?size=50x50&set=set1', 'Horizontal systemic archive');
insert into Accounts (AccountID, AccountType, AppID, UserID, ProfilePicture, ProfileDescription) values (56, 'Computer Systems Analyst IV', 34, 49, 'https://robohash.org/consequunturlaborefacilis.png?size=50x50&set=set1', 'Balanced upward-trending synergy');
insert into Accounts (AccountID, AccountType, AppID, UserID, ProfilePicture, ProfileDescription) values (57, 'Financial Analyst', 28, 18, 'https://robohash.org/aspernaturexmodi.png?size=50x50&set=set1', 'Cloned bifurcated software');
insert into Accounts (AccountID, AccountType, AppID, UserID, ProfilePicture, ProfileDescription) values (58, 'Associate Professor', 54, 4, 'https://robohash.org/quasiametdolores.png?size=50x50&set=set1', 'Reverse-engineered leading edge function');
insert into Accounts (AccountID, AccountType, AppID, UserID, ProfilePicture, ProfileDescription) values (59, 'Structural Engineer', 30, 2, 'https://robohash.org/quidemconsecteturillum.png?size=50x50&set=set1', 'Secured systemic superstructure');
insert into Accounts (AccountID, AccountType, AppID, UserID, ProfilePicture, ProfileDescription) values (60, 'Senior Cost Accountant', 5, 34, 'https://robohash.org/repudiandaeinreprehenderit.png?size=50x50&set=set1', 'Enterprise-wide empowering task-force');
insert into Accounts (AccountID, AccountType, AppID, UserID, ProfilePicture, ProfileDescription) values (61, 'Research Nurse', 48, 26, 'https://robohash.org/praesentiumcorporisplaceat.png?size=50x50&set=set1', 'Compatible contextually-based superstructure');
insert into Accounts (AccountID, AccountType, AppID, UserID, ProfilePicture, ProfileDescription) values (62, 'Pharmacist', 27, 56, 'https://robohash.org/exdignissimosodio.png?size=50x50&set=set1', 'Advanced attitude-oriented policy');
insert into Accounts (AccountID, AccountType, AppID, UserID, ProfilePicture, ProfileDescription) values (63, 'Librarian', 41, 17, 'https://robohash.org/sedaliquamnumquam.png?size=50x50&set=set1', 'Versatile object-oriented definition');
insert into Accounts (AccountID, AccountType, AppID, UserID, ProfilePicture, ProfileDescription) values (64, 'Accounting Assistant IV', 67, 68, 'https://robohash.org/natusexplicaboomnis.png?size=50x50&set=set1', 'Future-proofed attitude-oriented ability');
insert into Accounts (AccountID, AccountType, AppID, UserID, ProfilePicture, ProfileDescription) values (65, 'Junior Executive', 60, 4, 'https://robohash.org/etautodit.png?size=50x50&set=set1', 'Profound multimedia functionalities');
insert into Accounts (AccountID, AccountType, AppID, UserID, ProfilePicture, ProfileDescription) values (66, 'Electrical Engineer', 28, 31, 'https://robohash.org/inautcum.png?size=50x50&set=set1', 'Down-sized 6th generation archive');
insert into Accounts (AccountID, AccountType, AppID, UserID, ProfilePicture, ProfileDescription) values (67, 'Media Manager IV', 9, 69, 'https://robohash.org/sintvoluptatemvoluptas.png?size=50x50&set=set1', 'Balanced 4th generation monitoring');
insert into Accounts (AccountID, AccountType, AppID, UserID, ProfilePicture, ProfileDescription) values (68, 'Executive Secretary', 17, 37, 'https://robohash.org/sintetaut.png?size=50x50&set=set1', 'User-centric multi-state attitude');
insert into Accounts (AccountID, AccountType, AppID, UserID, ProfilePicture, ProfileDescription) values (69, 'VP Sales', 55, 52, 'https://robohash.org/voluptasmolestiaesuscipit.png?size=50x50&set=set1', 'Advanced bi-directional groupware');
insert into Accounts (AccountID, AccountType, AppID, UserID, ProfilePicture, ProfileDescription) values (70, 'VP Accounting', 39, 2, 'https://robohash.org/saepeiustolabore.png?size=50x50&set=set1', 'Proactive didactic moratorium');

create table Apps (
	AppID INT
);
insert into Apps (AppID) values (1);
insert into Apps (AppID) values (1);
insert into Apps (AppID) values (1);
insert into Apps (AppID) values (1);
insert into Apps (AppID) values (1);
insert into Apps (AppID) values (1);
insert into Apps (AppID) values (1);
insert into Apps (AppID) values (1);
insert into Apps (AppID) values (1);
insert into Apps (AppID) values (1);
insert into Apps (AppID) values (1);
insert into Apps (AppID) values (1);
insert into Apps (AppID) values (1);
insert into Apps (AppID) values (1);
insert into Apps (AppID) values (1);
insert into Apps (AppID) values (1);
insert into Apps (AppID) values (1);
insert into Apps (AppID) values (1);
insert into Apps (AppID) values (1);
insert into Apps (AppID) values (1);
insert into Apps (AppID) values (1);
insert into Apps (AppID) values (1);
insert into Apps (AppID) values (1);
insert into Apps (AppID) values (1);
insert into Apps (AppID) values (1);
insert into Apps (AppID) values (1);
insert into Apps (AppID) values (1);
insert into Apps (AppID) values (1);
insert into Apps (AppID) values (1);
insert into Apps (AppID) values (1);
insert into Apps (AppID) values (1);
insert into Apps (AppID) values (1);
insert into Apps (AppID) values (1);
insert into Apps (AppID) values (1);
insert into Apps (AppID) values (1);
insert into Apps (AppID) values (1);
insert into Apps (AppID) values (1);
insert into Apps (AppID) values (1);
insert into Apps (AppID) values (1);
insert into Apps (AppID) values (1);
insert into Apps (AppID) values (1);
insert into Apps (AppID) values (1);
insert into Apps (AppID) values (1);
insert into Apps (AppID) values (1);
insert into Apps (AppID) values (1);
insert into Apps (AppID) values (1);
insert into Apps (AppID) values (1);
insert into Apps (AppID) values (1);
insert into Apps (AppID) values (1);
insert into Apps (AppID) values (1);
insert into Apps (AppID) values (1);
insert into Apps (AppID) values (1);
insert into Apps (AppID) values (1);
insert into Apps (AppID) values (1);
insert into Apps (AppID) values (1);
insert into Apps (AppID) values (1);
insert into Apps (AppID) values (1);
insert into Apps (AppID) values (1);
insert into Apps (AppID) values (1);
insert into Apps (AppID) values (1);
insert into Apps (AppID) values (1);
insert into Apps (AppID) values (1);
insert into Apps (AppID) values (1);
insert into Apps (AppID) values (1);
insert into Apps (AppID) values (1);
insert into Apps (AppID) values (1);
insert into Apps (AppID) values (1);
insert into Apps (AppID) values (1);
insert into Apps (AppID) values (1);
insert into Apps (AppID) values (1);

create table PersonalizedSuggestions (
	Allergies VARCHAR(50),
	GroupSize INT,
	SuggestionID INT,
	AppID INT,
	Audience VARCHAR(50)
);
insert into PersonalizedSuggestions (Allergies, GroupSize, SuggestionID, AppID, Audience) values ('''Peanuts, Soy, Tree Nuts''', 6, 1, 1, '''Adults, Children, People with Pets''');
insert into PersonalizedSuggestions (Allergies, GroupSize, SuggestionID, AppID, Audience) values ('''Peanuts, Soy, Tree Nuts''', 3, 2, 1, '''Adults, Children, People with Pets''');
insert into PersonalizedSuggestions (Allergies, GroupSize, SuggestionID, AppID, Audience) values ('''Peanuts, Soy, Tree Nuts''', 8, 3, 1, '''Adults, Children, People with Pets''');
insert into PersonalizedSuggestions (Allergies, GroupSize, SuggestionID, AppID, Audience) values ('''Peanuts, Soy, Tree Nuts''', 19, 4, 1, '''Adults, Children, People with Pets''');
insert into PersonalizedSuggestions (Allergies, GroupSize, SuggestionID, AppID, Audience) values ('''Peanuts, Soy, Tree Nuts''', 4, 5, 1, '''Adults, Children, People with Pets''');
insert into PersonalizedSuggestions (Allergies, GroupSize, SuggestionID, AppID, Audience) values ('''Peanuts, Soy, Tree Nuts''', 1, 6, 1, '''Adults, Children, People with Pets''');
insert into PersonalizedSuggestions (Allergies, GroupSize, SuggestionID, AppID, Audience) values ('''Peanuts, Soy, Tree Nuts''', 4, 7, 1, '''Adults, Children, People with Pets''');
insert into PersonalizedSuggestions (Allergies, GroupSize, SuggestionID, AppID, Audience) values ('''Peanuts, Soy, Tree Nuts''', 19, 8, 1, '''Adults, Children, People with Pets''');
insert into PersonalizedSuggestions (Allergies, GroupSize, SuggestionID, AppID, Audience) values ('''Peanuts, Soy, Tree Nuts''', 14, 9, 1, '''Adults, Children, People with Pets''');
insert into PersonalizedSuggestions (Allergies, GroupSize, SuggestionID, AppID, Audience) values ('''Peanuts, Soy, Tree Nuts''', 4, 10, 1, '''Adults, Children, People with Pets''');
insert into PersonalizedSuggestions (Allergies, GroupSize, SuggestionID, AppID, Audience) values ('''Peanuts, Soy, Tree Nuts''', 5, 11, 1, '''Adults, Children, People with Pets''');
insert into PersonalizedSuggestions (Allergies, GroupSize, SuggestionID, AppID, Audience) values ('''Peanuts, Soy, Tree Nuts''', 20, 12, 1, '''Adults, Children, People with Pets''');
insert into PersonalizedSuggestions (Allergies, GroupSize, SuggestionID, AppID, Audience) values ('''Peanuts, Soy, Tree Nuts''', 20, 13, 1, '''Adults, Children, People with Pets''');
insert into PersonalizedSuggestions (Allergies, GroupSize, SuggestionID, AppID, Audience) values ('''Peanuts, Soy, Tree Nuts''', 8, 14, 1, '''Adults, Children, People with Pets''');
insert into PersonalizedSuggestions (Allergies, GroupSize, SuggestionID, AppID, Audience) values ('''Peanuts, Soy, Tree Nuts''', 12, 15, 1, '''Adults, Children, People with Pets''');
insert into PersonalizedSuggestions (Allergies, GroupSize, SuggestionID, AppID, Audience) values ('''Peanuts, Soy, Tree Nuts''', 6, 16, 1, '''Adults, Children, People with Pets''');
insert into PersonalizedSuggestions (Allergies, GroupSize, SuggestionID, AppID, Audience) values ('''Peanuts, Soy, Tree Nuts''', 12, 17, 1, '''Adults, Children, People with Pets''');
insert into PersonalizedSuggestions (Allergies, GroupSize, SuggestionID, AppID, Audience) values ('''Peanuts, Soy, Tree Nuts''', 20, 18, 1, '''Adults, Children, People with Pets''');
insert into PersonalizedSuggestions (Allergies, GroupSize, SuggestionID, AppID, Audience) values ('''Peanuts, Soy, Tree Nuts''', 19, 19, 1, '''Adults, Children, People with Pets''');
insert into PersonalizedSuggestions (Allergies, GroupSize, SuggestionID, AppID, Audience) values ('''Peanuts, Soy, Tree Nuts''', 7, 20, 1, '''Adults, Children, People with Pets''');
insert into PersonalizedSuggestions (Allergies, GroupSize, SuggestionID, AppID, Audience) values ('''Peanuts, Soy, Tree Nuts''', 13, 21, 1, '''Adults, Children, People with Pets''');
insert into PersonalizedSuggestions (Allergies, GroupSize, SuggestionID, AppID, Audience) values ('''Peanuts, Soy, Tree Nuts''', 11, 22, 1, '''Adults, Children, People with Pets''');
insert into PersonalizedSuggestions (Allergies, GroupSize, SuggestionID, AppID, Audience) values ('''Peanuts, Soy, Tree Nuts''', 2, 23, 1, '''Adults, Children, People with Pets''');
insert into PersonalizedSuggestions (Allergies, GroupSize, SuggestionID, AppID, Audience) values ('''Peanuts, Soy, Tree Nuts''', 20, 24, 1, '''Adults, Children, People with Pets''');
insert into PersonalizedSuggestions (Allergies, GroupSize, SuggestionID, AppID, Audience) values ('''Peanuts, Soy, Tree Nuts''', 18, 25, 1, '''Adults, Children, People with Pets''');
insert into PersonalizedSuggestions (Allergies, GroupSize, SuggestionID, AppID, Audience) values ('''Peanuts, Soy, Tree Nuts''', 1, 26, 1, '''Adults, Children, People with Pets''');
insert into PersonalizedSuggestions (Allergies, GroupSize, SuggestionID, AppID, Audience) values ('''Peanuts, Soy, Tree Nuts''', 10, 27, 1, '''Adults, Children, People with Pets''');
insert into PersonalizedSuggestions (Allergies, GroupSize, SuggestionID, AppID, Audience) values ('''Peanuts, Soy, Tree Nuts''', 8, 28, 1, '''Adults, Children, People with Pets''');
insert into PersonalizedSuggestions (Allergies, GroupSize, SuggestionID, AppID, Audience) values ('''Peanuts, Soy, Tree Nuts''', 20, 29, 1, '''Adults, Children, People with Pets''');
insert into PersonalizedSuggestions (Allergies, GroupSize, SuggestionID, AppID, Audience) values ('''Peanuts, Soy, Tree Nuts''', 10, 30, 1, '''Adults, Children, People with Pets''');
insert into PersonalizedSuggestions (Allergies, GroupSize, SuggestionID, AppID, Audience) values ('''Peanuts, Soy, Tree Nuts''', 3, 31, 1, '''Adults, Children, People with Pets''');
insert into PersonalizedSuggestions (Allergies, GroupSize, SuggestionID, AppID, Audience) values ('''Peanuts, Soy, Tree Nuts''', 18, 32, 1, '''Adults, Children, People with Pets''');
insert into PersonalizedSuggestions (Allergies, GroupSize, SuggestionID, AppID, Audience) values ('''Peanuts, Soy, Tree Nuts''', 17, 33, 1, '''Adults, Children, People with Pets''');
insert into PersonalizedSuggestions (Allergies, GroupSize, SuggestionID, AppID, Audience) values ('''Peanuts, Soy, Tree Nuts''', 3, 34, 1, '''Adults, Children, People with Pets''');
insert into PersonalizedSuggestions (Allergies, GroupSize, SuggestionID, AppID, Audience) values ('''Peanuts, Soy, Tree Nuts''', 17, 35, 1, '''Adults, Children, People with Pets''');
insert into PersonalizedSuggestions (Allergies, GroupSize, SuggestionID, AppID, Audience) values ('''Peanuts, Soy, Tree Nuts''', 11, 36, 1, '''Adults, Children, People with Pets''');
insert into PersonalizedSuggestions (Allergies, GroupSize, SuggestionID, AppID, Audience) values ('''Peanuts, Soy, Tree Nuts''', 8, 37, 1, '''Adults, Children, People with Pets''');
insert into PersonalizedSuggestions (Allergies, GroupSize, SuggestionID, AppID, Audience) values ('''Peanuts, Soy, Tree Nuts''', 18, 38, 1, '''Adults, Children, People with Pets''');
insert into PersonalizedSuggestions (Allergies, GroupSize, SuggestionID, AppID, Audience) values ('''Peanuts, Soy, Tree Nuts''', 13, 39, 1, '''Adults, Children, People with Pets''');
insert into PersonalizedSuggestions (Allergies, GroupSize, SuggestionID, AppID, Audience) values ('''Peanuts, Soy, Tree Nuts''', 5, 40, 1, '''Adults, Children, People with Pets''');
insert into PersonalizedSuggestions (Allergies, GroupSize, SuggestionID, AppID, Audience) values ('''Peanuts, Soy, Tree Nuts''', 13, 41, 1, '''Adults, Children, People with Pets''');
insert into PersonalizedSuggestions (Allergies, GroupSize, SuggestionID, AppID, Audience) values ('''Peanuts, Soy, Tree Nuts''', 7, 42, 1, '''Adults, Children, People with Pets''');
insert into PersonalizedSuggestions (Allergies, GroupSize, SuggestionID, AppID, Audience) values ('''Peanuts, Soy, Tree Nuts''', 19, 43, 1, '''Adults, Children, People with Pets''');
insert into PersonalizedSuggestions (Allergies, GroupSize, SuggestionID, AppID, Audience) values ('''Peanuts, Soy, Tree Nuts''', 10, 44, 1, '''Adults, Children, People with Pets''');
insert into PersonalizedSuggestions (Allergies, GroupSize, SuggestionID, AppID, Audience) values ('''Peanuts, Soy, Tree Nuts''', 5, 45, 1, '''Adults, Children, People with Pets''');
insert into PersonalizedSuggestions (Allergies, GroupSize, SuggestionID, AppID, Audience) values ('''Peanuts, Soy, Tree Nuts''', 9, 46, 1, '''Adults, Children, People with Pets''');
insert into PersonalizedSuggestions (Allergies, GroupSize, SuggestionID, AppID, Audience) values ('''Peanuts, Soy, Tree Nuts''', 5, 47, 1, '''Adults, Children, People with Pets''');
insert into PersonalizedSuggestions (Allergies, GroupSize, SuggestionID, AppID, Audience) values ('''Peanuts, Soy, Tree Nuts''', 8, 48, 1, '''Adults, Children, People with Pets''');
insert into PersonalizedSuggestions (Allergies, GroupSize, SuggestionID, AppID, Audience) values ('''Peanuts, Soy, Tree Nuts''', 20, 49, 1, '''Adults, Children, People with Pets''');
insert into PersonalizedSuggestions (Allergies, GroupSize, SuggestionID, AppID, Audience) values ('''Peanuts, Soy, Tree Nuts''', 15, 50, 1, '''Adults, Children, People with Pets''');
insert into PersonalizedSuggestions (Allergies, GroupSize, SuggestionID, AppID, Audience) values ('''Peanuts, Soy, Tree Nuts''', 2, 51, 1, '''Adults, Children, People with Pets''');
insert into PersonalizedSuggestions (Allergies, GroupSize, SuggestionID, AppID, Audience) values ('''Peanuts, Soy, Tree Nuts''', 15, 52, 1, '''Adults, Children, People with Pets''');
insert into PersonalizedSuggestions (Allergies, GroupSize, SuggestionID, AppID, Audience) values ('''Peanuts, Soy, Tree Nuts''', 3, 53, 1, '''Adults, Children, People with Pets''');
insert into PersonalizedSuggestions (Allergies, GroupSize, SuggestionID, AppID, Audience) values ('''Peanuts, Soy, Tree Nuts''', 3, 54, 1, '''Adults, Children, People with Pets''');
insert into PersonalizedSuggestions (Allergies, GroupSize, SuggestionID, AppID, Audience) values ('''Peanuts, Soy, Tree Nuts''', 14, 55, 1, '''Adults, Children, People with Pets''');
insert into PersonalizedSuggestions (Allergies, GroupSize, SuggestionID, AppID, Audience) values ('''Peanuts, Soy, Tree Nuts''', 9, 56, 1, '''Adults, Children, People with Pets''');
insert into PersonalizedSuggestions (Allergies, GroupSize, SuggestionID, AppID, Audience) values ('''Peanuts, Soy, Tree Nuts''', 17, 57, 1, '''Adults, Children, People with Pets''');
insert into PersonalizedSuggestions (Allergies, GroupSize, SuggestionID, AppID, Audience) values ('''Peanuts, Soy, Tree Nuts''', 1, 58, 1, '''Adults, Children, People with Pets''');
insert into PersonalizedSuggestions (Allergies, GroupSize, SuggestionID, AppID, Audience) values ('''Peanuts, Soy, Tree Nuts''', 5, 59, 1, '''Adults, Children, People with Pets''');
insert into PersonalizedSuggestions (Allergies, GroupSize, SuggestionID, AppID, Audience) values ('''Peanuts, Soy, Tree Nuts''', 9, 60, 1, '''Adults, Children, People with Pets''');
insert into PersonalizedSuggestions (Allergies, GroupSize, SuggestionID, AppID, Audience) values ('''Peanuts, Soy, Tree Nuts''', 16, 61, 1, '''Adults, Children, People with Pets''');
insert into PersonalizedSuggestions (Allergies, GroupSize, SuggestionID, AppID, Audience) values ('''Peanuts, Soy, Tree Nuts''', 20, 62, 1, '''Adults, Children, People with Pets''');
insert into PersonalizedSuggestions (Allergies, GroupSize, SuggestionID, AppID, Audience) values ('''Peanuts, Soy, Tree Nuts''', 19, 63, 1, '''Adults, Children, People with Pets''');
insert into PersonalizedSuggestions (Allergies, GroupSize, SuggestionID, AppID, Audience) values ('''Peanuts, Soy, Tree Nuts''', 10, 64, 1, '''Adults, Children, People with Pets''');
insert into PersonalizedSuggestions (Allergies, GroupSize, SuggestionID, AppID, Audience) values ('''Peanuts, Soy, Tree Nuts''', 19, 65, 1, '''Adults, Children, People with Pets''');
insert into PersonalizedSuggestions (Allergies, GroupSize, SuggestionID, AppID, Audience) values ('''Peanuts, Soy, Tree Nuts''', 14, 66, 1, '''Adults, Children, People with Pets''');
insert into PersonalizedSuggestions (Allergies, GroupSize, SuggestionID, AppID, Audience) values ('''Peanuts, Soy, Tree Nuts''', 17, 67, 1, '''Adults, Children, People with Pets''');
insert into PersonalizedSuggestions (Allergies, GroupSize, SuggestionID, AppID, Audience) values ('''Peanuts, Soy, Tree Nuts''', 17, 68, 1, '''Adults, Children, People with Pets''');
insert into PersonalizedSuggestions (Allergies, GroupSize, SuggestionID, AppID, Audience) values ('''Peanuts, Soy, Tree Nuts''', 14, 69, 1, '''Adults, Children, People with Pets''');
insert into PersonalizedSuggestions (Allergies, GroupSize, SuggestionID, AppID, Audience) values ('''Peanuts, Soy, Tree Nuts''', 14, 70, 1, '''Adults, Children, People with Pets''');

create table Holidays (
	HolidayID INT,
	Popularity DECIMAL(4,2),
	Name VARCHAR(16),
	SuggestionID INT,
	Date DATE
);
insert into Holidays (HolidayID, Popularity, Name, SuggestionID, Date) values (1, 8.41, 'Halloween', 13, '6/20/2024');
insert into Holidays (HolidayID, Popularity, Name, SuggestionID, Date) values (2, 8.17, 'New Year''s Day', 23, '5/22/2022');
insert into Holidays (HolidayID, Popularity, Name, SuggestionID, Date) values (3, 5.4, 'Thanksgiving', 64, '11/2/2024');
insert into Holidays (HolidayID, Popularity, Name, SuggestionID, Date) values (4, 1.17, 'Independence Day', 66, '4/7/2023');
insert into Holidays (HolidayID, Popularity, Name, SuggestionID, Date) values (5, 4.19, 'Halloween', 15, '1/7/2024');
insert into Holidays (HolidayID, Popularity, Name, SuggestionID, Date) values (6, 5.85, 'New Year''s Day', 46, '5/6/2022');
insert into Holidays (HolidayID, Popularity, Name, SuggestionID, Date) values (7, 2.04, 'Halloween', 11, '8/14/2023');
insert into Holidays (HolidayID, Popularity, Name, SuggestionID, Date) values (8, 7.22, 'Halloween', 35, '6/30/2022');
insert into Holidays (HolidayID, Popularity, Name, SuggestionID, Date) values (9, 6.63, 'Christmas', 7, '7/21/2024');
insert into Holidays (HolidayID, Popularity, Name, SuggestionID, Date) values (10, 5.24, 'Thanksgiving', 31, '2/11/2025');
insert into Holidays (HolidayID, Popularity, Name, SuggestionID, Date) values (11, 5.45, 'New Year''s Day', 70, '12/25/2022');
insert into Holidays (HolidayID, Popularity, Name, SuggestionID, Date) values (12, 7.74, 'New Year''s Day', 8, '3/28/2025');
insert into Holidays (HolidayID, Popularity, Name, SuggestionID, Date) values (13, 3.57, 'Christmas', 7, '6/20/2024');
insert into Holidays (HolidayID, Popularity, Name, SuggestionID, Date) values (14, 6.31, 'New Year''s Day', 44, '10/22/2022');
insert into Holidays (HolidayID, Popularity, Name, SuggestionID, Date) values (15, 5.44, 'New Year''s Day', 48, '4/16/2022');
insert into Holidays (HolidayID, Popularity, Name, SuggestionID, Date) values (16, 4.55, 'Halloween', 45, '8/4/2023');
insert into Holidays (HolidayID, Popularity, Name, SuggestionID, Date) values (17, 9.39, 'New Year''s Day', 17, '1/8/2025');
insert into Holidays (HolidayID, Popularity, Name, SuggestionID, Date) values (18, 9.35, 'Thanksgiving', 52, '10/13/2022');
insert into Holidays (HolidayID, Popularity, Name, SuggestionID, Date) values (19, 6.09, 'Thanksgiving', 40, '10/29/2024');
insert into Holidays (HolidayID, Popularity, Name, SuggestionID, Date) values (20, 3.79, 'Halloween', 27, '3/26/2023');
insert into Holidays (HolidayID, Popularity, Name, SuggestionID, Date) values (21, 1.94, 'Halloween', 29, '3/30/2024');
insert into Holidays (HolidayID, Popularity, Name, SuggestionID, Date) values (22, 6.1, 'Halloween', 3, '9/10/2023');
insert into Holidays (HolidayID, Popularity, Name, SuggestionID, Date) values (23, 4.61, 'Christmas', 14, '4/24/2024');
insert into Holidays (HolidayID, Popularity, Name, SuggestionID, Date) values (24, 2.91, 'Halloween', 15, '5/21/2024');
insert into Holidays (HolidayID, Popularity, Name, SuggestionID, Date) values (25, 9.64, 'Christmas', 55, '9/25/2022');
insert into Holidays (HolidayID, Popularity, Name, SuggestionID, Date) values (26, 4.77, 'Independence Day', 22, '2/21/2023');
insert into Holidays (HolidayID, Popularity, Name, SuggestionID, Date) values (27, 3.93, 'New Year''s Day', 38, '7/5/2022');
insert into Holidays (HolidayID, Popularity, Name, SuggestionID, Date) values (28, 7.97, 'Independence Day', 50, '11/3/2022');
insert into Holidays (HolidayID, Popularity, Name, SuggestionID, Date) values (29, 7.27, 'New Year''s Day', 24, '6/27/2024');
insert into Holidays (HolidayID, Popularity, Name, SuggestionID, Date) values (30, 4.35, 'New Year''s Day', 57, '10/30/2022');
insert into Holidays (HolidayID, Popularity, Name, SuggestionID, Date) values (31, 7.87, 'Christmas', 37, '11/14/2022');
insert into Holidays (HolidayID, Popularity, Name, SuggestionID, Date) values (32, 2.53, 'Thanksgiving', 32, '10/2/2022');
insert into Holidays (HolidayID, Popularity, Name, SuggestionID, Date) values (33, 1.58, 'Halloween', 66, '3/13/2023');
insert into Holidays (HolidayID, Popularity, Name, SuggestionID, Date) values (34, 1.22, 'Independence Day', 27, '1/8/2023');
insert into Holidays (HolidayID, Popularity, Name, SuggestionID, Date) values (35, 4.72, 'Christmas', 14, '8/10/2024');
insert into Holidays (HolidayID, Popularity, Name, SuggestionID, Date) values (36, 2.33, 'New Year''s Day', 18, '8/23/2023');
insert into Holidays (HolidayID, Popularity, Name, SuggestionID, Date) values (37, 2.87, 'New Year''s Day', 55, '7/9/2024');
insert into Holidays (HolidayID, Popularity, Name, SuggestionID, Date) values (38, 2.39, 'Thanksgiving', 41, '6/22/2022');
insert into Holidays (HolidayID, Popularity, Name, SuggestionID, Date) values (39, 2.23, 'Halloween', 70, '7/12/2024');
insert into Holidays (HolidayID, Popularity, Name, SuggestionID, Date) values (40, 3.99, 'Independence Day', 23, '2/27/2025');
insert into Holidays (HolidayID, Popularity, Name, SuggestionID, Date) values (41, 3.95, 'Thanksgiving', 9, '4/1/2025');
insert into Holidays (HolidayID, Popularity, Name, SuggestionID, Date) values (42, 2.44, 'Independence Day', 25, '5/11/2023');
insert into Holidays (HolidayID, Popularity, Name, SuggestionID, Date) values (43, 7.21, 'Independence Day', 60, '5/7/2023');
insert into Holidays (HolidayID, Popularity, Name, SuggestionID, Date) values (44, 2.03, 'Halloween', 6, '10/12/2023');
insert into Holidays (HolidayID, Popularity, Name, SuggestionID, Date) values (45, 6.56, 'Thanksgiving', 36, '2/9/2024');
insert into Holidays (HolidayID, Popularity, Name, SuggestionID, Date) values (46, 7.51, 'Thanksgiving', 21, '10/11/2024');
insert into Holidays (HolidayID, Popularity, Name, SuggestionID, Date) values (47, 5.38, 'Christmas', 17, '8/15/2022');
insert into Holidays (HolidayID, Popularity, Name, SuggestionID, Date) values (48, 1.94, 'New Year''s Day', 29, '5/28/2022');
insert into Holidays (HolidayID, Popularity, Name, SuggestionID, Date) values (49, 3.61, 'New Year''s Day', 23, '1/23/2024');
insert into Holidays (HolidayID, Popularity, Name, SuggestionID, Date) values (50, 2.9, 'New Year''s Day', 44, '8/6/2022');
insert into Holidays (HolidayID, Popularity, Name, SuggestionID, Date) values (51, 9.5, 'Thanksgiving', 56, '6/19/2024');
insert into Holidays (HolidayID, Popularity, Name, SuggestionID, Date) values (52, 7.43, 'Halloween', 9, '3/10/2025');
insert into Holidays (HolidayID, Popularity, Name, SuggestionID, Date) values (53, 3.74, 'Halloween', 11, '1/25/2024');
insert into Holidays (HolidayID, Popularity, Name, SuggestionID, Date) values (54, 4.98, 'New Year''s Day', 44, '5/19/2023');
insert into Holidays (HolidayID, Popularity, Name, SuggestionID, Date) values (55, 8.73, 'New Year''s Day', 39, '11/23/2022');
insert into Holidays (HolidayID, Popularity, Name, SuggestionID, Date) values (56, 1.38, 'Thanksgiving', 9, '10/4/2023');
insert into Holidays (HolidayID, Popularity, Name, SuggestionID, Date) values (57, 8.27, 'Halloween', 64, '10/2/2022');
insert into Holidays (HolidayID, Popularity, Name, SuggestionID, Date) values (58, 6.91, 'Thanksgiving', 64, '5/2/2024');
insert into Holidays (HolidayID, Popularity, Name, SuggestionID, Date) values (59, 4.99, 'Independence Day', 50, '5/22/2022');
insert into Holidays (HolidayID, Popularity, Name, SuggestionID, Date) values (60, 5.31, 'Thanksgiving', 64, '1/16/2025');
insert into Holidays (HolidayID, Popularity, Name, SuggestionID, Date) values (61, 9.24, 'New Year''s Day', 50, '2/2/2023');
insert into Holidays (HolidayID, Popularity, Name, SuggestionID, Date) values (62, 1.22, 'New Year''s Day', 50, '9/7/2023');
insert into Holidays (HolidayID, Popularity, Name, SuggestionID, Date) values (63, 3.66, 'Christmas', 67, '6/11/2022');
insert into Holidays (HolidayID, Popularity, Name, SuggestionID, Date) values (64, 9.28, 'Thanksgiving', 39, '10/14/2024');
insert into Holidays (HolidayID, Popularity, Name, SuggestionID, Date) values (65, 7.89, 'Independence Day', 36, '12/20/2023');
insert into Holidays (HolidayID, Popularity, Name, SuggestionID, Date) values (66, 5.98, 'Halloween', 26, '4/7/2023');
insert into Holidays (HolidayID, Popularity, Name, SuggestionID, Date) values (67, 6.26, 'Independence Day', 69, '7/5/2023');
insert into Holidays (HolidayID, Popularity, Name, SuggestionID, Date) values (68, 4.46, 'Thanksgiving', 9, '12/9/2023');
insert into Holidays (HolidayID, Popularity, Name, SuggestionID, Date) values (69, 1.7, 'Halloween', 20, '3/15/2023');
insert into Holidays (HolidayID, Popularity, Name, SuggestionID, Date) values (70, 9.79, 'New Year''s Day', 21, '11/21/2022');

create table Presets (
	PresetID INT,
	Date DATE,
	Name VARCHAR(7),
	UserID INT,
	SuggestionID INT
);
insert into Presets (PresetID, Date, Name, UserID, SuggestionID) values (1, '10/1/2022', 'preset5', 14, 32);
insert into Presets (PresetID, Date, Name, UserID, SuggestionID) values (2, '1/23/2023', 'preset1', 26, 51);
insert into Presets (PresetID, Date, Name, UserID, SuggestionID) values (3, '6/25/2021', 'preset2', 55, 55);
insert into Presets (PresetID, Date, Name, UserID, SuggestionID) values (4, '6/13/2022', 'preset3', 32, 45);
insert into Presets (PresetID, Date, Name, UserID, SuggestionID) values (5, '11/6/2022', 'preset3', 30, 58);
insert into Presets (PresetID, Date, Name, UserID, SuggestionID) values (6, '9/20/2024', 'preset1', 25, 6);
insert into Presets (PresetID, Date, Name, UserID, SuggestionID) values (7, '4/3/2024', 'preset2', 7, 52);
insert into Presets (PresetID, Date, Name, UserID, SuggestionID) values (8, '3/9/2024', 'preset3', 67, 38);
insert into Presets (PresetID, Date, Name, UserID, SuggestionID) values (9, '7/19/2024', 'preset4', 43, 8);
insert into Presets (PresetID, Date, Name, UserID, SuggestionID) values (10, '2/7/2025', 'preset1', 18, 43);
insert into Presets (PresetID, Date, Name, UserID, SuggestionID) values (11, '11/21/2023', 'preset1', 38, 52);
insert into Presets (PresetID, Date, Name, UserID, SuggestionID) values (12, '4/13/2023', 'preset5', 35, 38);
insert into Presets (PresetID, Date, Name, UserID, SuggestionID) values (13, '2/24/2024', 'preset4', 27, 60);
insert into Presets (PresetID, Date, Name, UserID, SuggestionID) values (14, '1/7/2023', 'preset5', 50, 18);
insert into Presets (PresetID, Date, Name, UserID, SuggestionID) values (15, '2/25/2025', 'preset3', 46, 21);
insert into Presets (PresetID, Date, Name, UserID, SuggestionID) values (16, '10/30/2024', 'preset5', 3, 52);
insert into Presets (PresetID, Date, Name, UserID, SuggestionID) values (17, '10/17/2021', 'preset4', 42, 65);
insert into Presets (PresetID, Date, Name, UserID, SuggestionID) values (18, '1/4/2023', 'preset5', 2, 68);
insert into Presets (PresetID, Date, Name, UserID, SuggestionID) values (19, '5/15/2024', 'preset1', 54, 48);
insert into Presets (PresetID, Date, Name, UserID, SuggestionID) values (20, '10/18/2024', 'preset5', 65, 43);
insert into Presets (PresetID, Date, Name, UserID, SuggestionID) values (21, '8/9/2024', 'preset2', 61, 22);
insert into Presets (PresetID, Date, Name, UserID, SuggestionID) values (22, '3/22/2023', 'preset4', 20, 20);
insert into Presets (PresetID, Date, Name, UserID, SuggestionID) values (23, '4/2/2025', 'preset1', 46, 54);
insert into Presets (PresetID, Date, Name, UserID, SuggestionID) values (24, '4/27/2024', 'preset3', 52, 45);
insert into Presets (PresetID, Date, Name, UserID, SuggestionID) values (25, '6/13/2023', 'preset3', 37, 32);
insert into Presets (PresetID, Date, Name, UserID, SuggestionID) values (26, '8/18/2023', 'preset4', 48, 68);
insert into Presets (PresetID, Date, Name, UserID, SuggestionID) values (27, '4/27/2021', 'preset1', 58, 26);
insert into Presets (PresetID, Date, Name, UserID, SuggestionID) values (28, '3/10/2025', 'preset5', 22, 53);
insert into Presets (PresetID, Date, Name, UserID, SuggestionID) values (29, '1/10/2022', 'preset1', 63, 8);
insert into Presets (PresetID, Date, Name, UserID, SuggestionID) values (30, '1/4/2025', 'preset5', 67, 56);
insert into Presets (PresetID, Date, Name, UserID, SuggestionID) values (31, '12/3/2022', 'preset3', 7, 51);
insert into Presets (PresetID, Date, Name, UserID, SuggestionID) values (32, '4/6/2025', 'preset1', 64, 52);
insert into Presets (PresetID, Date, Name, UserID, SuggestionID) values (33, '2/28/2024', 'preset1', 63, 17);
insert into Presets (PresetID, Date, Name, UserID, SuggestionID) values (34, '5/12/2023', 'preset1', 30, 45);
insert into Presets (PresetID, Date, Name, UserID, SuggestionID) values (35, '3/16/2023', 'preset4', 23, 55);
insert into Presets (PresetID, Date, Name, UserID, SuggestionID) values (36, '3/2/2022', 'preset4', 48, 47);
insert into Presets (PresetID, Date, Name, UserID, SuggestionID) values (37, '7/4/2022', 'preset4', 12, 2);
insert into Presets (PresetID, Date, Name, UserID, SuggestionID) values (38, '12/19/2021', 'preset5', 15, 5);
insert into Presets (PresetID, Date, Name, UserID, SuggestionID) values (39, '1/4/2023', 'preset3', 50, 18);
insert into Presets (PresetID, Date, Name, UserID, SuggestionID) values (40, '8/23/2023', 'preset3', 63, 30);
insert into Presets (PresetID, Date, Name, UserID, SuggestionID) values (41, '1/28/2025', 'preset4', 13, 12);
insert into Presets (PresetID, Date, Name, UserID, SuggestionID) values (42, '10/11/2021', 'preset5', 13, 36);
insert into Presets (PresetID, Date, Name, UserID, SuggestionID) values (43, '2/28/2023', 'preset1', 8, 43);
insert into Presets (PresetID, Date, Name, UserID, SuggestionID) values (44, '6/13/2023', 'preset1', 53, 29);
insert into Presets (PresetID, Date, Name, UserID, SuggestionID) values (45, '10/21/2022', 'preset5', 41, 70);
insert into Presets (PresetID, Date, Name, UserID, SuggestionID) values (46, '3/1/2025', 'preset1', 11, 54);
insert into Presets (PresetID, Date, Name, UserID, SuggestionID) values (47, '1/24/2024', 'preset1', 16, 29);
insert into Presets (PresetID, Date, Name, UserID, SuggestionID) values (48, '5/6/2024', 'preset4', 47, 1);
insert into Presets (PresetID, Date, Name, UserID, SuggestionID) values (49, '6/19/2024', 'preset5', 62, 1);
insert into Presets (PresetID, Date, Name, UserID, SuggestionID) values (50, '11/30/2022', 'preset4', 25, 34);
insert into Presets (PresetID, Date, Name, UserID, SuggestionID) values (51, '12/27/2021', 'preset2', 39, 41);
insert into Presets (PresetID, Date, Name, UserID, SuggestionID) values (52, '11/8/2023', 'preset3', 4, 15);
insert into Presets (PresetID, Date, Name, UserID, SuggestionID) values (53, '11/5/2022', 'preset5', 2, 25);
insert into Presets (PresetID, Date, Name, UserID, SuggestionID) values (54, '6/16/2021', 'preset3', 7, 16);
insert into Presets (PresetID, Date, Name, UserID, SuggestionID) values (55, '2/23/2024', 'preset3', 16, 49);
insert into Presets (PresetID, Date, Name, UserID, SuggestionID) values (56, '11/6/2024', 'preset3', 21, 29);
insert into Presets (PresetID, Date, Name, UserID, SuggestionID) values (57, '12/14/2022', 'preset5', 54, 49);
insert into Presets (PresetID, Date, Name, UserID, SuggestionID) values (58, '10/24/2022', 'preset2', 64, 8);
insert into Presets (PresetID, Date, Name, UserID, SuggestionID) values (59, '8/29/2022', 'preset4', 14, 46);
insert into Presets (PresetID, Date, Name, UserID, SuggestionID) values (60, '12/28/2021', 'preset5', 15, 38);
insert into Presets (PresetID, Date, Name, UserID, SuggestionID) values (61, '6/7/2022', 'preset5', 59, 15);
insert into Presets (PresetID, Date, Name, UserID, SuggestionID) values (62, '10/27/2023', 'preset5', 26, 58);
insert into Presets (PresetID, Date, Name, UserID, SuggestionID) values (63, '8/7/2021', 'preset3', 51, 63);
insert into Presets (PresetID, Date, Name, UserID, SuggestionID) values (64, '4/7/2023', 'preset4', 31, 39);
insert into Presets (PresetID, Date, Name, UserID, SuggestionID) values (65, '11/6/2021', 'preset4', 3, 40);
insert into Presets (PresetID, Date, Name, UserID, SuggestionID) values (66, '9/1/2023', 'preset3', 65, 34);
insert into Presets (PresetID, Date, Name, UserID, SuggestionID) values (67, '4/14/2022', 'preset2', 14, 34);
insert into Presets (PresetID, Date, Name, UserID, SuggestionID) values (68, '1/16/2025', 'preset1', 7, 61);
insert into Presets (PresetID, Date, Name, UserID, SuggestionID) values (69, '8/15/2024', 'preset4', 21, 9);
insert into Presets (PresetID, Date, Name, UserID, SuggestionID) values (70, '1/4/2024', 'preset2', 55, 65);


create table PresetSuggestions (
	id INT,
	first_name INT
);
insert into PresetSuggestions (id, first_name) values (48, 24);
insert into PresetSuggestions (id, first_name) values (19, 33);
insert into PresetSuggestions (id, first_name) values (54, 3);
insert into PresetSuggestions (id, first_name) values (2, 48);
insert into PresetSuggestions (id, first_name) values (57, 44);
insert into PresetSuggestions (id, first_name) values (60, 26);
insert into PresetSuggestions (id, first_name) values (36, 60);
insert into PresetSuggestions (id, first_name) values (23, 15);
insert into PresetSuggestions (id, first_name) values (32, 54);
insert into PresetSuggestions (id, first_name) values (52, 57);
insert into PresetSuggestions (id, first_name) values (46, 70);
insert into PresetSuggestions (id, first_name) values (70, 25);
insert into PresetSuggestions (id, first_name) values (60, 37);
insert into PresetSuggestions (id, first_name) values (4, 44);
insert into PresetSuggestions (id, first_name) values (25, 59);
insert into PresetSuggestions (id, first_name) values (4, 66);
insert into PresetSuggestions (id, first_name) values (6, 17);
insert into PresetSuggestions (id, first_name) values (13, 62);
insert into PresetSuggestions (id, first_name) values (58, 36);
insert into PresetSuggestions (id, first_name) values (32, 24);
insert into PresetSuggestions (id, first_name) values (23, 28);
insert into PresetSuggestions (id, first_name) values (69, 69);
insert into PresetSuggestions (id, first_name) values (38, 14);
insert into PresetSuggestions (id, first_name) values (67, 68);
insert into PresetSuggestions (id, first_name) values (19, 1);
insert into PresetSuggestions (id, first_name) values (62, 18);
insert into PresetSuggestions (id, first_name) values (37, 45);
insert into PresetSuggestions (id, first_name) values (26, 25);
insert into PresetSuggestions (id, first_name) values (6, 8);
insert into PresetSuggestions (id, first_name) values (18, 13);
insert into PresetSuggestions (id, first_name) values (12, 44);
insert into PresetSuggestions (id, first_name) values (4, 58);
insert into PresetSuggestions (id, first_name) values (50, 10);
insert into PresetSuggestions (id, first_name) values (65, 2);
insert into PresetSuggestions (id, first_name) values (26, 19);
insert into PresetSuggestions (id, first_name) values (58, 10);
insert into PresetSuggestions (id, first_name) values (44, 49);
insert into PresetSuggestions (id, first_name) values (54, 19);
insert into PresetSuggestions (id, first_name) values (5, 66);
insert into PresetSuggestions (id, first_name) values (62, 28);
insert into PresetSuggestions (id, first_name) values (16, 27);
insert into PresetSuggestions (id, first_name) values (12, 34);
insert into PresetSuggestions (id, first_name) values (18, 61);
insert into PresetSuggestions (id, first_name) values (47, 23);
insert into PresetSuggestions (id, first_name) values (54, 59);
insert into PresetSuggestions (id, first_name) values (47, 30);
insert into PresetSuggestions (id, first_name) values (57, 62);
insert into PresetSuggestions (id, first_name) values (45, 43);
insert into PresetSuggestions (id, first_name) values (65, 16);
insert into PresetSuggestions (id, first_name) values (3, 43);
insert into PresetSuggestions (id, first_name) values (55, 67);
insert into PresetSuggestions (id, first_name) values (4, 69);
insert into PresetSuggestions (id, first_name) values (36, 1);
insert into PresetSuggestions (id, first_name) values (70, 42);
insert into PresetSuggestions (id, first_name) values (44, 13);
insert into PresetSuggestions (id, first_name) values (26, 25);
insert into PresetSuggestions (id, first_name) values (69, 56);
insert into PresetSuggestions (id, first_name) values (1, 35);
insert into PresetSuggestions (id, first_name) values (30, 64);
insert into PresetSuggestions (id, first_name) values (5, 30);
insert into PresetSuggestions (id, first_name) values (52, 20);
insert into PresetSuggestions (id, first_name) values (26, 20);
insert into PresetSuggestions (id, first_name) values (70, 1);
insert into PresetSuggestions (id, first_name) values (28, 48);
insert into PresetSuggestions (id, first_name) values (26, 17);
insert into PresetSuggestions (id, first_name) values (32, 9);
insert into PresetSuggestions (id, first_name) values (7, 49);
insert into PresetSuggestions (id, first_name) values (70, 63);
insert into PresetSuggestions (id, first_name) values (12, 67);
insert into PresetSuggestions (id, first_name) values (30, 35);


create table Visuals (
	color VARCHAR(6),
	shape VARCHAR(9),
	isWritable VARCHAR(50),
	length INT,
	width INT,
	suggestionID INT
);
insert into Visuals (color, shape, isWritable, length, width, suggestionID) values ('orange', 'triangle', false, 165, 85, 27);
insert into Visuals (color, shape, isWritable, length, width, suggestionID) values ('blue', 'pentagon', true, 167, 115, 44);
insert into Visuals (color, shape, isWritable, length, width, suggestionID) values ('black', 'triangle', true, 127, 70, 61);
insert into Visuals (color, shape, isWritable, length, width, suggestionID) values ('brown', 'rectangle', true, 50, 140, 26);
insert into Visuals (color, shape, isWritable, length, width, suggestionID) values ('red', 'rectangle', true, 29, 188, 56);
insert into Visuals (color, shape, isWritable, length, width, suggestionID) values ('green', 'square', true, 5, 75, 51);
insert into Visuals (color, shape, isWritable, length, width, suggestionID) values ('green', 'circle', false, 158, 34, 25);
insert into Visuals (color, shape, isWritable, length, width, suggestionID) values ('brown', 'circle', false, 7, 128, 7);
insert into Visuals (color, shape, isWritable, length, width, suggestionID) values ('black', 'square', false, 113, 112, 19);
insert into Visuals (color, shape, isWritable, length, width, suggestionID) values ('black', 'square', true, 65, 70, 59);
insert into Visuals (color, shape, isWritable, length, width, suggestionID) values ('orange', 'square', false, 148, 175, 6);
insert into Visuals (color, shape, isWritable, length, width, suggestionID) values ('brown', 'square', true, 3, 32, 30);
insert into Visuals (color, shape, isWritable, length, width, suggestionID) values ('blue', 'pentagon', false, 199, 196, 70);
insert into Visuals (color, shape, isWritable, length, width, suggestionID) values ('pink', 'triangle', true, 72, 35, 7);
insert into Visuals (color, shape, isWritable, length, width, suggestionID) values ('purple', 'pentagon', true, 29, 115, 55);
insert into Visuals (color, shape, isWritable, length, width, suggestionID) values ('yellow', 'circle', false, 45, 188, 24);
insert into Visuals (color, shape, isWritable, length, width, suggestionID) values ('orange', 'rectangle', false, 58, 79, 5);
insert into Visuals (color, shape, isWritable, length, width, suggestionID) values ('brown', 'pentagon', true, 5, 169, 42);
insert into Visuals (color, shape, isWritable, length, width, suggestionID) values ('black', 'circle', true, 17, 94, 5);
insert into Visuals (color, shape, isWritable, length, width, suggestionID) values ('red', 'triangle', true, 131, 63, 55);
insert into Visuals (color, shape, isWritable, length, width, suggestionID) values ('black', 'square', false, 13, 92, 67);
insert into Visuals (color, shape, isWritable, length, width, suggestionID) values ('red', 'circle', true, 121, 150, 43);
insert into Visuals (color, shape, isWritable, length, width, suggestionID) values ('yellow', 'rectangle', true, 160, 112, 17);
insert into Visuals (color, shape, isWritable, length, width, suggestionID) values ('pink', 'rectangle', true, 161, 8, 23);
insert into Visuals (color, shape, isWritable, length, width, suggestionID) values ('yellow', 'circle', false, 195, 113, 39);
insert into Visuals (color, shape, isWritable, length, width, suggestionID) values ('black', 'square', false, 148, 68, 53);
insert into Visuals (color, shape, isWritable, length, width, suggestionID) values ('orange', 'rectangle', false, 163, 25, 49);
insert into Visuals (color, shape, isWritable, length, width, suggestionID) values ('purple', 'rectangle', false, 28, 38, 56);
insert into Visuals (color, shape, isWritable, length, width, suggestionID) values ('brown', 'pentagon', false, 14, 44, 66);
insert into Visuals (color, shape, isWritable, length, width, suggestionID) values ('blue', 'circle', true, 200, 198, 22);
insert into Visuals (color, shape, isWritable, length, width, suggestionID) values ('orange', 'pentagon', true, 113, 44, 8);
insert into Visuals (color, shape, isWritable, length, width, suggestionID) values ('black', 'circle', false, 49, 48, 42);
insert into Visuals (color, shape, isWritable, length, width, suggestionID) values ('red', 'pentagon', true, 94, 82, 17);
insert into Visuals (color, shape, isWritable, length, width, suggestionID) values ('blue', 'rectangle', true, 114, 196, 35);
insert into Visuals (color, shape, isWritable, length, width, suggestionID) values ('red', 'triangle', true, 146, 112, 29);
insert into Visuals (color, shape, isWritable, length, width, suggestionID) values ('yellow', 'circle', true, 75, 29, 5);
insert into Visuals (color, shape, isWritable, length, width, suggestionID) values ('black', 'square', false, 131, 86, 53);
insert into Visuals (color, shape, isWritable, length, width, suggestionID) values ('purple', 'circle', false, 36, 15, 66);
insert into Visuals (color, shape, isWritable, length, width, suggestionID) values ('purple', 'circle', true, 2, 129, 1);
insert into Visuals (color, shape, isWritable, length, width, suggestionID) values ('white', 'rectangle', true, 102, 110, 16);
insert into Visuals (color, shape, isWritable, length, width, suggestionID) values ('green', 'circle', true, 190, 53, 14);
insert into Visuals (color, shape, isWritable, length, width, suggestionID) values ('orange', 'square', true, 2, 22, 63);
insert into Visuals (color, shape, isWritable, length, width, suggestionID) values ('brown', 'circle', true, 38, 185, 6);
insert into Visuals (color, shape, isWritable, length, width, suggestionID) values ('red', 'rectangle', false, 145, 162, 52);
insert into Visuals (color, shape, isWritable, length, width, suggestionID) values ('brown', 'rectangle', false, 77, 193, 5);
insert into Visuals (color, shape, isWritable, length, width, suggestionID) values ('green', 'pentagon', true, 109, 53, 68);
insert into Visuals (color, shape, isWritable, length, width, suggestionID) values ('pink', 'pentagon', false, 158, 29, 51);
insert into Visuals (color, shape, isWritable, length, width, suggestionID) values ('brown', 'square', false, 26, 14, 61);
insert into Visuals (color, shape, isWritable, length, width, suggestionID) values ('green', 'pentagon', false, 75, 95, 70);
insert into Visuals (color, shape, isWritable, length, width, suggestionID) values ('yellow', 'circle', true, 41, 102, 69);
insert into Visuals (color, shape, isWritable, length, width, suggestionID) values ('red', 'circle', true, 18, 47, 10);
insert into Visuals (color, shape, isWritable, length, width, suggestionID) values ('orange', 'pentagon', true, 140, 64, 34);
insert into Visuals (color, shape, isWritable, length, width, suggestionID) values ('blue', 'circle', false, 161, 116, 65);
insert into Visuals (color, shape, isWritable, length, width, suggestionID) values ('pink', 'triangle', false, 139, 88, 51);
insert into Visuals (color, shape, isWritable, length, width, suggestionID) values ('pink', 'circle', false, 79, 192, 60);
insert into Visuals (color, shape, isWritable, length, width, suggestionID) values ('purple', 'square', true, 101, 195, 32);
insert into Visuals (color, shape, isWritable, length, width, suggestionID) values ('green', 'circle', true, 185, 48, 70);
insert into Visuals (color, shape, isWritable, length, width, suggestionID) values ('green', 'square', false, 170, 188, 7);
insert into Visuals (color, shape, isWritable, length, width, suggestionID) values ('pink', 'pentagon', false, 117, 195, 36);
insert into Visuals (color, shape, isWritable, length, width, suggestionID) values ('purple', 'pentagon', true, 173, 44, 66);
insert into Visuals (color, shape, isWritable, length, width, suggestionID) values ('brown', 'pentagon', true, 124, 108, 68);
insert into Visuals (color, shape, isWritable, length, width, suggestionID) values ('black', 'rectangle', true, 84, 181, 25);
insert into Visuals (color, shape, isWritable, length, width, suggestionID) values ('black', 'circle', true, 126, 41, 5);
insert into Visuals (color, shape, isWritable, length, width, suggestionID) values ('white', 'square', false, 3, 12, 20);
insert into Visuals (color, shape, isWritable, length, width, suggestionID) values ('black', 'pentagon', false, 40, 136, 12);
insert into Visuals (color, shape, isWritable, length, width, suggestionID) values ('white', 'square', false, 175, 77, 24);
insert into Visuals (color, shape, isWritable, length, width, suggestionID) values ('blue', 'pentagon', false, 78, 79, 41);
insert into Visuals (color, shape, isWritable, length, width, suggestionID) values ('brown', 'square', true, 108, 108, 3);
insert into Visuals (color, shape, isWritable, length, width, suggestionID) values ('black', 'pentagon', false, 28, 33, 60);
insert into Visuals (color, shape, isWritable, length, width, suggestionID) values ('red', 'rectangle', true, 94, 113, 45);


create table SuggestionsFDA (
	FDAID INT,
	suggestionID INT
);
insert into SuggestionsFDA (FDAID, suggestionID) values (56, 30);
insert into SuggestionsFDA (FDAID, suggestionID) values (34, 57);
insert into SuggestionsFDA (FDAID, suggestionID) values (69, 25);
insert into SuggestionsFDA (FDAID, suggestionID) values (17, 48);
insert into SuggestionsFDA (FDAID, suggestionID) values (21, 28);
insert into SuggestionsFDA (FDAID, suggestionID) values (25, 51);
insert into SuggestionsFDA (FDAID, suggestionID) values (3, 41);
insert into SuggestionsFDA (FDAID, suggestionID) values (39, 56);
insert into SuggestionsFDA (FDAID, suggestionID) values (45, 31);
insert into SuggestionsFDA (FDAID, suggestionID) values (33, 68);
insert into SuggestionsFDA (FDAID, suggestionID) values (51, 19);
insert into SuggestionsFDA (FDAID, suggestionID) values (35, 10);
insert into SuggestionsFDA (FDAID, suggestionID) values (6, 65);
insert into SuggestionsFDA (FDAID, suggestionID) values (50, 41);
insert into SuggestionsFDA (FDAID, suggestionID) values (24, 31);
insert into SuggestionsFDA (FDAID, suggestionID) values (32, 12);
insert into SuggestionsFDA (FDAID, suggestionID) values (61, 17);
insert into SuggestionsFDA (FDAID, suggestionID) values (10, 59);
insert into SuggestionsFDA (FDAID, suggestionID) values (42, 62);
insert into SuggestionsFDA (FDAID, suggestionID) values (27, 48);
insert into SuggestionsFDA (FDAID, suggestionID) values (61, 14);
insert into SuggestionsFDA (FDAID, suggestionID) values (62, 49);
insert into SuggestionsFDA (FDAID, suggestionID) values (15, 15);
insert into SuggestionsFDA (FDAID, suggestionID) values (22, 37);
insert into SuggestionsFDA (FDAID, suggestionID) values (66, 15);
insert into SuggestionsFDA (FDAID, suggestionID) values (54, 19);
insert into SuggestionsFDA (FDAID, suggestionID) values (23, 40);
insert into SuggestionsFDA (FDAID, suggestionID) values (20, 61);
insert into SuggestionsFDA (FDAID, suggestionID) values (48, 57);
insert into SuggestionsFDA (FDAID, suggestionID) values (13, 54);
insert into SuggestionsFDA (FDAID, suggestionID) values (2, 69);
insert into SuggestionsFDA (FDAID, suggestionID) values (31, 62);
insert into SuggestionsFDA (FDAID, suggestionID) values (20, 64);
insert into SuggestionsFDA (FDAID, suggestionID) values (63, 22);
insert into SuggestionsFDA (FDAID, suggestionID) values (68, 67);
insert into SuggestionsFDA (FDAID, suggestionID) values (52, 48);
insert into SuggestionsFDA (FDAID, suggestionID) values (69, 46);
insert into SuggestionsFDA (FDAID, suggestionID) values (46, 47);
insert into SuggestionsFDA (FDAID, suggestionID) values (14, 5);
insert into SuggestionsFDA (FDAID, suggestionID) values (37, 38);
insert into SuggestionsFDA (FDAID, suggestionID) values (3, 35);
insert into SuggestionsFDA (FDAID, suggestionID) values (17, 24);
insert into SuggestionsFDA (FDAID, suggestionID) values (29, 11);
insert into SuggestionsFDA (FDAID, suggestionID) values (45, 44);
insert into SuggestionsFDA (FDAID, suggestionID) values (37, 69);
insert into SuggestionsFDA (FDAID, suggestionID) values (51, 30);
insert into SuggestionsFDA (FDAID, suggestionID) values (67, 32);
insert into SuggestionsFDA (FDAID, suggestionID) values (55, 28);
insert into SuggestionsFDA (FDAID, suggestionID) values (22, 47);
insert into SuggestionsFDA (FDAID, suggestionID) values (26, 3);
insert into SuggestionsFDA (FDAID, suggestionID) values (63, 28);
insert into SuggestionsFDA (FDAID, suggestionID) values (2, 57);
insert into SuggestionsFDA (FDAID, suggestionID) values (11, 9);
insert into SuggestionsFDA (FDAID, suggestionID) values (37, 31);
insert into SuggestionsFDA (FDAID, suggestionID) values (58, 18);
insert into SuggestionsFDA (FDAID, suggestionID) values (70, 15);
insert into SuggestionsFDA (FDAID, suggestionID) values (53, 24);
insert into SuggestionsFDA (FDAID, suggestionID) values (70, 46);
insert into SuggestionsFDA (FDAID, suggestionID) values (66, 59);
insert into SuggestionsFDA (FDAID, suggestionID) values (52, 43);
insert into SuggestionsFDA (FDAID, suggestionID) values (25, 28);
insert into SuggestionsFDA (FDAID, suggestionID) values (60, 51);
insert into SuggestionsFDA (FDAID, suggestionID) values (45, 49);
insert into SuggestionsFDA (FDAID, suggestionID) values (47, 6);
insert into SuggestionsFDA (FDAID, suggestionID) values (37, 43);
insert into SuggestionsFDA (FDAID, suggestionID) values (62, 65);
insert into SuggestionsFDA (FDAID, suggestionID) values (61, 16);
insert into SuggestionsFDA (FDAID, suggestionID) values (49, 52);
insert into SuggestionsFDA (FDAID, suggestionID) values (40, 36);
insert into SuggestionsFDA (FDAID, suggestionID) values (35, 39);
insert into SuggestionsFDA (FDAID, suggestionID) values (12, 33);
insert into SuggestionsFDA (FDAID, suggestionID) values (18, 60);
insert into SuggestionsFDA (FDAID, suggestionID) values (59, 26);
insert into SuggestionsFDA (FDAID, suggestionID) values (8, 7);
insert into SuggestionsFDA (FDAID, suggestionID) values (41, 21);
insert into SuggestionsFDA (FDAID, suggestionID) values (64, 34);
insert into SuggestionsFDA (FDAID, suggestionID) values (38, 12);
insert into SuggestionsFDA (FDAID, suggestionID) values (5, 27);
insert into SuggestionsFDA (FDAID, suggestionID) values (44, 44);
insert into SuggestionsFDA (FDAID, suggestionID) values (67, 35);
insert into SuggestionsFDA (FDAID, suggestionID) values (31, 58);
insert into SuggestionsFDA (FDAID, suggestionID) values (40, 42);
insert into SuggestionsFDA (FDAID, suggestionID) values (7, 10);
insert into SuggestionsFDA (FDAID, suggestionID) values (60, 29);
insert into SuggestionsFDA (FDAID, suggestionID) values (9, 63);
insert into SuggestionsFDA (FDAID, suggestionID) values (55, 25);
insert into SuggestionsFDA (FDAID, suggestionID) values (1, 13);
insert into SuggestionsFDA (FDAID, suggestionID) values (26, 36);
insert into SuggestionsFDA (FDAID, suggestionID) values (30, 6);
insert into SuggestionsFDA (FDAID, suggestionID) values (28, 20);
insert into SuggestionsFDA (FDAID, suggestionID) values (43, 39);
insert into SuggestionsFDA (FDAID, suggestionID) values (64, 54);
insert into SuggestionsFDA (FDAID, suggestionID) values (5, 50);
insert into SuggestionsFDA (FDAID, suggestionID) values (16, 8);
insert into SuggestionsFDA (FDAID, suggestionID) values (12, 53);
insert into SuggestionsFDA (FDAID, suggestionID) values (36, 26);
insert into SuggestionsFDA (FDAID, suggestionID) values (50, 58);
insert into SuggestionsFDA (FDAID, suggestionID) values (39, 21);
insert into SuggestionsFDA (FDAID, suggestionID) values (68, 16);
insert into SuggestionsFDA (FDAID, suggestionID) values (11, 27);
insert into SuggestionsFDA (FDAID, suggestionID) values (29, 22);
insert into SuggestionsFDA (FDAID, suggestionID) values (42, 52);
insert into SuggestionsFDA (FDAID, suggestionID) values (7, 44);
insert into SuggestionsFDA (FDAID, suggestionID) values (34, 23);
insert into SuggestionsFDA (FDAID, suggestionID) values (53, 4);
insert into SuggestionsFDA (FDAID, suggestionID) values (58, 11);
insert into SuggestionsFDA (FDAID, suggestionID) values (19, 37);
insert into SuggestionsFDA (FDAID, suggestionID) values (46, 9);
insert into SuggestionsFDA (FDAID, suggestionID) values (6, 2);
insert into SuggestionsFDA (FDAID, suggestionID) values (10, 66);
insert into SuggestionsFDA (FDAID, suggestionID) values (48, 7);
insert into SuggestionsFDA (FDAID, suggestionID) values (3, 33);
insert into SuggestionsFDA (FDAID, suggestionID) values (19, 64);
insert into SuggestionsFDA (FDAID, suggestionID) values (57, 17);
insert into SuggestionsFDA (FDAID, suggestionID) values (27, 34);
insert into SuggestionsFDA (FDAID, suggestionID) values (33, 26);
insert into SuggestionsFDA (FDAID, suggestionID) values (23, 63);
insert into SuggestionsFDA (FDAID, suggestionID) values (30, 42);
insert into SuggestionsFDA (FDAID, suggestionID) values (65, 4);
insert into SuggestionsFDA (FDAID, suggestionID) values (36, 12);
insert into SuggestionsFDA (FDAID, suggestionID) values (14, 40);
insert into SuggestionsFDA (FDAID, suggestionID) values (66, 1);
insert into SuggestionsFDA (FDAID, suggestionID) values (4, 23);
insert into SuggestionsFDA (FDAID, suggestionID) values (8, 38);
insert into SuggestionsFDA (FDAID, suggestionID) values (59, 31);



create table HolidayFDA (
	FDAID INT,
	HolidayID INT
);
insert into HolidayFDA (FDAID, HolidayID) values (68, 27);
insert into HolidayFDA (FDAID, HolidayID) values (29, 29);
insert into HolidayFDA (FDAID, HolidayID) values (69, 22);
insert into HolidayFDA (FDAID, HolidayID) values (6, 43);
insert into HolidayFDA (FDAID, HolidayID) values (43, 44);
insert into HolidayFDA (FDAID, HolidayID) values (48, 9);
insert into HolidayFDA (FDAID, HolidayID) values (67, 39);
insert into HolidayFDA (FDAID, HolidayID) values (50, 23);
insert into HolidayFDA (FDAID, HolidayID) values (24, 18);
insert into HolidayFDA (FDAID, HolidayID) values (46, 9);
insert into HolidayFDA (FDAID, HolidayID) values (64, 26);
insert into HolidayFDA (FDAID, HolidayID) values (18, 64);
insert into HolidayFDA (FDAID, HolidayID) values (4, 60);
insert into HolidayFDA (FDAID, HolidayID) values (53, 9);
insert into HolidayFDA (FDAID, HolidayID) values (54, 46);
insert into HolidayFDA (FDAID, HolidayID) values (25, 69);
insert into HolidayFDA (FDAID, HolidayID) values (3, 1);
insert into HolidayFDA (FDAID, HolidayID) values (13, 39);
insert into HolidayFDA (FDAID, HolidayID) values (53, 7);
insert into HolidayFDA (FDAID, HolidayID) values (34, 52);
insert into HolidayFDA (FDAID, HolidayID) values (70, 64);
insert into HolidayFDA (FDAID, HolidayID) values (38, 42);
insert into HolidayFDA (FDAID, HolidayID) values (24, 54);
insert into HolidayFDA (FDAID, HolidayID) values (55, 26);
insert into HolidayFDA (FDAID, HolidayID) values (47, 9);
insert into HolidayFDA (FDAID, HolidayID) values (13, 8);
insert into HolidayFDA (FDAID, HolidayID) values (25, 58);
insert into HolidayFDA (FDAID, HolidayID) values (65, 36);
insert into HolidayFDA (FDAID, HolidayID) values (7, 28);
insert into HolidayFDA (FDAID, HolidayID) values (21, 36);
insert into HolidayFDA (FDAID, HolidayID) values (10, 45);
insert into HolidayFDA (FDAID, HolidayID) values (19, 15);
insert into HolidayFDA (FDAID, HolidayID) values (66, 22);
insert into HolidayFDA (FDAID, HolidayID) values (29, 8);
insert into HolidayFDA (FDAID, HolidayID) values (69, 5);
insert into HolidayFDA (FDAID, HolidayID) values (6, 24);
insert into HolidayFDA (FDAID, HolidayID) values (47, 62);
insert into HolidayFDA (FDAID, HolidayID) values (31, 62);
insert into HolidayFDA (FDAID, HolidayID) values (67, 14);
insert into HolidayFDA (FDAID, HolidayID) values (50, 65);
insert into HolidayFDA (FDAID, HolidayID) values (59, 15);
insert into HolidayFDA (FDAID, HolidayID) values (4, 34);
insert into HolidayFDA (FDAID, HolidayID) values (9, 3);
insert into HolidayFDA (FDAID, HolidayID) values (36, 60);
insert into HolidayFDA (FDAID, HolidayID) values (32, 9);
insert into HolidayFDA (FDAID, HolidayID) values (33, 59);
insert into HolidayFDA (FDAID, HolidayID) values (5, 55);
insert into HolidayFDA (FDAID, HolidayID) values (66, 61);
insert into HolidayFDA (FDAID, HolidayID) values (21, 36);
insert into HolidayFDA (FDAID, HolidayID) values (51, 34);
insert into HolidayFDA (FDAID, HolidayID) values (23, 43);
insert into HolidayFDA (FDAID, HolidayID) values (11, 43);
insert into HolidayFDA (FDAID, HolidayID) values (23, 33);
insert into HolidayFDA (FDAID, HolidayID) values (16, 48);
insert into HolidayFDA (FDAID, HolidayID) values (9, 55);
insert into HolidayFDA (FDAID, HolidayID) values (20, 27);
insert into HolidayFDA (FDAID, HolidayID) values (10, 46);
insert into HolidayFDA (FDAID, HolidayID) values (3, 43);
insert into HolidayFDA (FDAID, HolidayID) values (25, 8);
insert into HolidayFDA (FDAID, HolidayID) values (60, 53);
insert into HolidayFDA (FDAID, HolidayID) values (32, 17);
insert into HolidayFDA (FDAID, HolidayID) values (36, 63);
insert into HolidayFDA (FDAID, HolidayID) values (1, 40);
insert into HolidayFDA (FDAID, HolidayID) values (2, 19);
insert into HolidayFDA (FDAID, HolidayID) values (2, 22);
insert into HolidayFDA (FDAID, HolidayID) values (38, 24);
insert into HolidayFDA (FDAID, HolidayID) values (19, 61);
insert into HolidayFDA (FDAID, HolidayID) values (64, 56);
insert into HolidayFDA (FDAID, HolidayID) values (58, 52);
insert into HolidayFDA (FDAID, HolidayID) values (70, 35);
insert into HolidayFDA (FDAID, HolidayID) values (14, 12);
insert into HolidayFDA (FDAID, HolidayID) values (12, 25);
insert into HolidayFDA (FDAID, HolidayID) values (40, 20);
insert into HolidayFDA (FDAID, HolidayID) values (61, 13);
insert into HolidayFDA (FDAID, HolidayID) values (27, 41);
insert into HolidayFDA (FDAID, HolidayID) values (22, 30);
insert into HolidayFDA (FDAID, HolidayID) values (15, 37);
insert into HolidayFDA (FDAID, HolidayID) values (35, 2);
insert into HolidayFDA (FDAID, HolidayID) values (45, 32);
insert into HolidayFDA (FDAID, HolidayID) values (11, 66);
insert into HolidayFDA (FDAID, HolidayID) values (39, 21);
insert into HolidayFDA (FDAID, HolidayID) values (68, 12);
insert into HolidayFDA (FDAID, HolidayID) values (30, 59);
insert into HolidayFDA (FDAID, HolidayID) values (31, 12);
insert into HolidayFDA (FDAID, HolidayID) values (17, 19);
insert into HolidayFDA (FDAID, HolidayID) values (37, 10);
insert into HolidayFDA (FDAID, HolidayID) values (8, 20);
insert into HolidayFDA (FDAID, HolidayID) values (20, 41);
insert into HolidayFDA (FDAID, HolidayID) values (26, 68);
insert into HolidayFDA (FDAID, HolidayID) values (7, 5);
insert into HolidayFDA (FDAID, HolidayID) values (44, 50);
insert into HolidayFDA (FDAID, HolidayID) values (40, 31);
insert into HolidayFDA (FDAID, HolidayID) values (62, 30);
insert into HolidayFDA (FDAID, HolidayID) values (28, 6);
insert into HolidayFDA (FDAID, HolidayID) values (52, 29);
insert into HolidayFDA (FDAID, HolidayID) values (42, 17);
insert into HolidayFDA (FDAID, HolidayID) values (33, 3);
insert into HolidayFDA (FDAID, HolidayID) values (35, 44);
insert into HolidayFDA (FDAID, HolidayID) values (41, 68);
insert into HolidayFDA (FDAID, HolidayID) values (56, 20);
insert into HolidayFDA (FDAID, HolidayID) values (49, 18);
insert into HolidayFDA (FDAID, HolidayID) values (66, 31);
insert into HolidayFDA (FDAID, HolidayID) values (6, 5);
insert into HolidayFDA (FDAID, HolidayID) values (60, 32);
insert into HolidayFDA (FDAID, HolidayID) values (15, 7);
insert into HolidayFDA (FDAID, HolidayID) values (27, 4);
insert into HolidayFDA (FDAID, HolidayID) values (8, 67);
insert into HolidayFDA (FDAID, HolidayID) values (28, 53);
insert into HolidayFDA (FDAID, HolidayID) values (45, 14);
insert into HolidayFDA (FDAID, HolidayID) values (22, 38);
insert into HolidayFDA (FDAID, HolidayID) values (58, 3);
insert into HolidayFDA (FDAID, HolidayID) values (43, 25);
insert into HolidayFDA (FDAID, HolidayID) values (19, 47);
insert into HolidayFDA (FDAID, HolidayID) values (63, 60);
insert into HolidayFDA (FDAID, HolidayID) values (57, 58);
insert into HolidayFDA (FDAID, HolidayID) values (44, 2);
insert into HolidayFDA (FDAID, HolidayID) values (34, 4);
insert into HolidayFDA (FDAID, HolidayID) values (30, 33);
insert into HolidayFDA (FDAID, HolidayID) values (41, 40);
insert into HolidayFDA (FDAID, HolidayID) values (16, 31);
insert into HolidayFDA (FDAID, HolidayID) values (39, 19);
insert into HolidayFDA (FDAID, HolidayID) values (12, 38);
insert into HolidayFDA (FDAID, HolidayID) values (5, 32);
insert into HolidayFDA (FDAID, HolidayID) values (1, 26);


create table ExportHistory (
	Files VARCHAR(36),
	LogID INT,
	AccountID INT,
	DateExported DATE
);
insert into ExportHistory (Files, LogID, AccountID, DateExported) values ('Training materials for new employees', 1, 41, '1/3/2025');
insert into ExportHistory (Files, LogID, AccountID, DateExported) values ('Project proposal for client review', 2, 29, '2/16/2024');
insert into ExportHistory (Files, LogID, AccountID, DateExported) values ('Project proposal for client review', 3, 29, '5/23/2021');
insert into ExportHistory (Files, LogID, AccountID, DateExported) values ('Training materials for new employees', 4, 24, '7/9/2024');
insert into ExportHistory (Files, LogID, AccountID, DateExported) values ('Meeting minutes for team discussion', 5, 6, '6/7/2022');
insert into ExportHistory (Files, LogID, AccountID, DateExported) values ('Training materials for new employees', 6, 43, '5/13/2024');
insert into ExportHistory (Files, LogID, AccountID, DateExported) values ('Training materials for new employees', 7, 56, '3/2/2021');
insert into ExportHistory (Files, LogID, AccountID, DateExported) values ('Training materials for new employees', 8, 34, '9/4/2021');
insert into ExportHistory (Files, LogID, AccountID, DateExported) values ('Training materials for new employees', 9, 52, '5/17/2023');
insert into ExportHistory (Files, LogID, AccountID, DateExported) values ('Project proposal for client review', 10, 66, '6/6/2023');
insert into ExportHistory (Files, LogID, AccountID, DateExported) values ('Training materials for new employees', 11, 27, '1/23/2021');
insert into ExportHistory (Files, LogID, AccountID, DateExported) values ('Detailed report on sales', 12, 43, '6/20/2024');
insert into ExportHistory (Files, LogID, AccountID, DateExported) values ('Meeting minutes for team discussion', 13, 65, '8/6/2021');
insert into ExportHistory (Files, LogID, AccountID, DateExported) values ('Training materials for new employees', 14, 66, '1/5/2022');
insert into ExportHistory (Files, LogID, AccountID, DateExported) values ('Training materials for new employees', 15, 11, '10/1/2020');
insert into ExportHistory (Files, LogID, AccountID, DateExported) values ('Project proposal for client review', 16, 44, '7/8/2020');
insert into ExportHistory (Files, LogID, AccountID, DateExported) values ('Detailed report on sales', 17, 52, '7/19/2024');
insert into ExportHistory (Files, LogID, AccountID, DateExported) values ('Project proposal for client review', 18, 46, '3/6/2023');
insert into ExportHistory (Files, LogID, AccountID, DateExported) values ('Detailed report on sales', 19, 15, '8/23/2022');
insert into ExportHistory (Files, LogID, AccountID, DateExported) values ('Meeting minutes for team discussion', 20, 46, '12/10/2022');
insert into ExportHistory (Files, LogID, AccountID, DateExported) values ('Training materials for new employees', 21, 26, '2/22/2021');
insert into ExportHistory (Files, LogID, AccountID, DateExported) values ('Project proposal for client review', 22, 66, '9/4/2020');
insert into ExportHistory (Files, LogID, AccountID, DateExported) values ('Training materials for new employees', 23, 41, '6/12/2021');
insert into ExportHistory (Files, LogID, AccountID, DateExported) values ('Meeting minutes for team discussion', 24, 38, '5/3/2022');
insert into ExportHistory (Files, LogID, AccountID, DateExported) values ('Training materials for new employees', 25, 4, '12/26/2021');
insert into ExportHistory (Files, LogID, AccountID, DateExported) values ('Meeting minutes for team discussion', 26, 67, '2/25/2021');
insert into ExportHistory (Files, LogID, AccountID, DateExported) values ('Meeting minutes for team discussion', 27, 46, '10/13/2021');
insert into ExportHistory (Files, LogID, AccountID, DateExported) values ('Training materials for new employees', 28, 4, '8/2/2020');
insert into ExportHistory (Files, LogID, AccountID, DateExported) values ('Training materials for new employees', 29, 66, '5/27/2023');
insert into ExportHistory (Files, LogID, AccountID, DateExported) values ('Project proposal for client review', 30, 70, '7/31/2022');
insert into ExportHistory (Files, LogID, AccountID, DateExported) values ('Detailed report on sales', 31, 16, '2/27/2023');
insert into ExportHistory (Files, LogID, AccountID, DateExported) values ('Detailed report on sales', 32, 63, '1/14/2024');
insert into ExportHistory (Files, LogID, AccountID, DateExported) values ('Detailed report on sales', 33, 18, '5/30/2021');
insert into ExportHistory (Files, LogID, AccountID, DateExported) values ('Detailed report on sales', 34, 57, '6/15/2023');
insert into ExportHistory (Files, LogID, AccountID, DateExported) values ('Meeting minutes for team discussion', 35, 38, '3/18/2025');
insert into ExportHistory (Files, LogID, AccountID, DateExported) values ('Project proposal for client review', 36, 65, '3/6/2025');
insert into ExportHistory (Files, LogID, AccountID, DateExported) values ('Meeting minutes for team discussion', 37, 47, '3/1/2022');
insert into ExportHistory (Files, LogID, AccountID, DateExported) values ('Detailed report on sales', 38, 51, '11/29/2021');
insert into ExportHistory (Files, LogID, AccountID, DateExported) values ('Meeting minutes for team discussion', 39, 28, '6/24/2020');
insert into ExportHistory (Files, LogID, AccountID, DateExported) values ('Meeting minutes for team discussion', 40, 64, '3/22/2022');
insert into ExportHistory (Files, LogID, AccountID, DateExported) values ('Training materials for new employees', 41, 52, '3/22/2024');
insert into ExportHistory (Files, LogID, AccountID, DateExported) values ('Training materials for new employees', 42, 15, '12/25/2023');
insert into ExportHistory (Files, LogID, AccountID, DateExported) values ('Project proposal for client review', 43, 44, '11/12/2021');
insert into ExportHistory (Files, LogID, AccountID, DateExported) values ('Meeting minutes for team discussion', 44, 30, '4/27/2020');
insert into ExportHistory (Files, LogID, AccountID, DateExported) values ('Training materials for new employees', 45, 25, '12/30/2021');
insert into ExportHistory (Files, LogID, AccountID, DateExported) values ('Meeting minutes for team discussion', 46, 22, '9/9/2021');
insert into ExportHistory (Files, LogID, AccountID, DateExported) values ('Project proposal for client review', 47, 66, '2/24/2024');
insert into ExportHistory (Files, LogID, AccountID, DateExported) values ('Meeting minutes for team discussion', 48, 37, '7/23/2020');
insert into ExportHistory (Files, LogID, AccountID, DateExported) values ('Detailed report on sales', 49, 35, '9/28/2021');
insert into ExportHistory (Files, LogID, AccountID, DateExported) values ('Training materials for new employees', 50, 12, '10/5/2021');
insert into ExportHistory (Files, LogID, AccountID, DateExported) values ('Training materials for new employees', 51, 66, '2/19/2022');
insert into ExportHistory (Files, LogID, AccountID, DateExported) values ('Meeting minutes for team discussion', 52, 67, '4/17/2024');
insert into ExportHistory (Files, LogID, AccountID, DateExported) values ('Project proposal for client review', 53, 9, '2/2/2023');
insert into ExportHistory (Files, LogID, AccountID, DateExported) values ('Project proposal for client review', 54, 51, '2/12/2025');
insert into ExportHistory (Files, LogID, AccountID, DateExported) values ('Meeting minutes for team discussion', 55, 36, '11/16/2020');
insert into ExportHistory (Files, LogID, AccountID, DateExported) values ('Detailed report on sales', 56, 2, '12/3/2023');
insert into ExportHistory (Files, LogID, AccountID, DateExported) values ('Meeting minutes for team discussion', 57, 49, '2/9/2023');
insert into ExportHistory (Files, LogID, AccountID, DateExported) values ('Training materials for new employees', 58, 43, '6/21/2023');
insert into ExportHistory (Files, LogID, AccountID, DateExported) values ('Meeting minutes for team discussion', 59, 46, '5/28/2023');
insert into ExportHistory (Files, LogID, AccountID, DateExported) values ('Training materials for new employees', 60, 64, '2/28/2023');
insert into ExportHistory (Files, LogID, AccountID, DateExported) values ('Meeting minutes for team discussion', 61, 44, '4/10/2021');
insert into ExportHistory (Files, LogID, AccountID, DateExported) values ('Training materials for new employees', 62, 56, '4/4/2021');
insert into ExportHistory (Files, LogID, AccountID, DateExported) values ('Meeting minutes for team discussion', 63, 64, '4/7/2025');
insert into ExportHistory (Files, LogID, AccountID, DateExported) values ('Training materials for new employees', 64, 14, '1/12/2022');
insert into ExportHistory (Files, LogID, AccountID, DateExported) values ('Training materials for new employees', 65, 55, '7/13/2023');
insert into ExportHistory (Files, LogID, AccountID, DateExported) values ('Detailed report on sales', 66, 36, '1/1/2022');
insert into ExportHistory (Files, LogID, AccountID, DateExported) values ('Meeting minutes for team discussion', 67, 69, '3/2/2023');
insert into ExportHistory (Files, LogID, AccountID, DateExported) values ('Detailed report on sales', 68, 31, '10/11/2023');
insert into ExportHistory (Files, LogID, AccountID, DateExported) values ('Project proposal for client review', 69, 10, '2/17/2024');
insert into ExportHistory (Files, LogID, AccountID, DateExported) values ('Project proposal for client review', 70, 44, '10/31/2024');


create table InputHistory (
	InputID INT,
	InputDate DATE
);
insert into InputHistory (InputID, InputDate) values (61, '7/28/2022');
insert into InputHistory (InputID, InputDate) values (2, '10/12/2024');
insert into InputHistory (InputID, InputDate) values (5, '9/4/2024');
insert into InputHistory (InputID, InputDate) values (14, '2/2/2023');
insert into InputHistory (InputID, InputDate) values (39, '2/1/2023');
insert into InputHistory (InputID, InputDate) values (2, '6/18/2020');
insert into InputHistory (InputID, InputDate) values (4, '12/1/2021');
insert into InputHistory (InputID, InputDate) values (70, '7/11/2021');
insert into InputHistory (InputID, InputDate) values (3, '8/11/2021');
insert into InputHistory (InputID, InputDate) values (21, '7/15/2022');
insert into InputHistory (InputID, InputDate) values (70, '12/22/2022');
insert into InputHistory (InputID, InputDate) values (39, '9/9/2023');
insert into InputHistory (InputID, InputDate) values (18, '3/11/2025');
insert into InputHistory (InputID, InputDate) values (25, '5/31/2024');
insert into InputHistory (InputID, InputDate) values (39, '4/24/2023');
insert into InputHistory (InputID, InputDate) values (44, '9/28/2024');
insert into InputHistory (InputID, InputDate) values (62, '9/15/2021');
insert into InputHistory (InputID, InputDate) values (37, '2/6/2024');
insert into InputHistory (InputID, InputDate) values (34, '12/10/2022');
insert into InputHistory (InputID, InputDate) values (56, '2/23/2023');
insert into InputHistory (InputID, InputDate) values (31, '10/26/2021');
insert into InputHistory (InputID, InputDate) values (5, '1/19/2023');
insert into InputHistory (InputID, InputDate) values (59, '12/22/2020');
insert into InputHistory (InputID, InputDate) values (27, '5/29/2021');
insert into InputHistory (InputID, InputDate) values (4, '4/14/2021');
insert into InputHistory (InputID, InputDate) values (2, '6/6/2022');
insert into InputHistory (InputID, InputDate) values (48, '6/22/2024');
insert into InputHistory (InputID, InputDate) values (1, '6/3/2021');
insert into InputHistory (InputID, InputDate) values (65, '12/14/2020');
insert into InputHistory (InputID, InputDate) values (39, '10/18/2020');
insert into InputHistory (InputID, InputDate) values (63, '2/18/2024');
insert into InputHistory (InputID, InputDate) values (33, '8/7/2024');
insert into InputHistory (InputID, InputDate) values (7, '1/15/2025');
insert into InputHistory (InputID, InputDate) values (11, '9/29/2024');
insert into InputHistory (InputID, InputDate) values (41, '5/25/2023');
insert into InputHistory (InputID, InputDate) values (35, '11/15/2024');
insert into InputHistory (InputID, InputDate) values (8, '6/23/2021');
insert into InputHistory (InputID, InputDate) values (39, '8/4/2022');
insert into InputHistory (InputID, InputDate) values (24, '3/22/2025');
insert into InputHistory (InputID, InputDate) values (26, '3/12/2024');
insert into InputHistory (InputID, InputDate) values (10, '11/2/2021');
insert into InputHistory (InputID, InputDate) values (25, '1/18/2025');
insert into InputHistory (InputID, InputDate) values (13, '4/29/2023');
insert into InputHistory (InputID, InputDate) values (56, '4/18/2021');
insert into InputHistory (InputID, InputDate) values (50, '7/14/2020');
insert into InputHistory (InputID, InputDate) values (63, '9/6/2021');
insert into InputHistory (InputID, InputDate) values (63, '12/17/2023');
insert into InputHistory (InputID, InputDate) values (43, '9/5/2020');
insert into InputHistory (InputID, InputDate) values (53, '10/16/2020');
insert into InputHistory (InputID, InputDate) values (15, '6/13/2024');
insert into InputHistory (InputID, InputDate) values (4, '12/9/2020');
insert into InputHistory (InputID, InputDate) values (36, '4/21/2023');
insert into InputHistory (InputID, InputDate) values (1, '12/25/2024');
insert into InputHistory (InputID, InputDate) values (14, '1/22/2022');
insert into InputHistory (InputID, InputDate) values (55, '1/28/2025');
insert into InputHistory (InputID, InputDate) values (54, '1/8/2022');
insert into InputHistory (InputID, InputDate) values (41, '8/11/2021');
insert into InputHistory (InputID, InputDate) values (22, '3/14/2023');
insert into InputHistory (InputID, InputDate) values (55, '3/26/2025');
insert into InputHistory (InputID, InputDate) values (56, '6/4/2024');
insert into InputHistory (InputID, InputDate) values (67, '11/15/2023');
insert into InputHistory (InputID, InputDate) values (34, '8/22/2020');
insert into InputHistory (InputID, InputDate) values (28, '11/9/2022');
insert into InputHistory (InputID, InputDate) values (25, '11/15/2023');
insert into InputHistory (InputID, InputDate) values (53, '6/26/2021');
insert into InputHistory (InputID, InputDate) values (24, '7/21/2021');
insert into InputHistory (InputID, InputDate) values (35, '2/28/2025');
insert into InputHistory (InputID, InputDate) values (60, '9/28/2024');
insert into InputHistory (InputID, InputDate) values (62, '5/17/2022');
insert into InputHistory (InputID, InputDate) values (59, '6/8/2020');

create table PersonalInformation (
	Free VARCHAR(50),
	Pro DECIMAL(10,2),
	AccountID INT
);
insert into PersonalInformation (Free, Pro, AccountID) values (false, true, 1);
insert into PersonalInformation (Free, Pro, AccountID) values (true, false, 2);
insert into PersonalInformation (Free, Pro, AccountID) values (false, true, 3);
insert into PersonalInformation (Free, Pro, AccountID) values (true, false, 4);
insert into PersonalInformation (Free, Pro, AccountID) values (false, true, 5);
insert into PersonalInformation (Free, Pro, AccountID) values (true, false, 6);
insert into PersonalInformation (Free, Pro, AccountID) values (true, false, 7);
insert into PersonalInformation (Free, Pro, AccountID) values (false, true, 8);
insert into PersonalInformation (Free, Pro, AccountID) values (true, false, 9);
insert into PersonalInformation (Free, Pro, AccountID) values (false, true, 10);
insert into PersonalInformation (Free, Pro, AccountID) values (true, false, 11);
insert into PersonalInformation (Free, Pro, AccountID) values (true, false, 12);
insert into PersonalInformation (Free, Pro, AccountID) values (true, false, 13);
insert into PersonalInformation (Free, Pro, AccountID) values (false, true, 14);
insert into PersonalInformation (Free, Pro, AccountID) values (false, true, 15);
insert into PersonalInformation (Free, Pro, AccountID) values (true, false, 16);
insert into PersonalInformation (Free, Pro, AccountID) values (false, true, 17);
insert into PersonalInformation (Free, Pro, AccountID) values (true, false, 18);
insert into PersonalInformation (Free, Pro, AccountID) values (true, false, 19);
insert into PersonalInformation (Free, Pro, AccountID) values (true, false, 20);
insert into PersonalInformation (Free, Pro, AccountID) values (true, false, 21);
insert into PersonalInformation (Free, Pro, AccountID) values (false, true, 22);
insert into PersonalInformation (Free, Pro, AccountID) values (true, false, 23);
insert into PersonalInformation (Free, Pro, AccountID) values (true, false, 24);
insert into PersonalInformation (Free, Pro, AccountID) values (false, true, 25);
insert into PersonalInformation (Free, Pro, AccountID) values (true, false, 26);
insert into PersonalInformation (Free, Pro, AccountID) values (true, false, 27);
insert into PersonalInformation (Free, Pro, AccountID) values (true, false, 28);
insert into PersonalInformation (Free, Pro, AccountID) values (true, false, 29);
insert into PersonalInformation (Free, Pro, AccountID) values (false, true, 30);
insert into PersonalInformation (Free, Pro, AccountID) values (true, false, 31);
insert into PersonalInformation (Free, Pro, AccountID) values (false, true, 32);
insert into PersonalInformation (Free, Pro, AccountID) values (false, true, 33);
insert into PersonalInformation (Free, Pro, AccountID) values (false, true, 34);
insert into PersonalInformation (Free, Pro, AccountID) values (true, false, 35);
insert into PersonalInformation (Free, Pro, AccountID) values (false, true, 36);
insert into PersonalInformation (Free, Pro, AccountID) values (true, false, 37);
insert into PersonalInformation (Free, Pro, AccountID) values (true, false, 38);
insert into PersonalInformation (Free, Pro, AccountID) values (false, true, 39);
insert into PersonalInformation (Free, Pro, AccountID) values (false, true, 40);
insert into PersonalInformation (Free, Pro, AccountID) values (true, false, 41);
insert into PersonalInformation (Free, Pro, AccountID) values (false, true, 42);
insert into PersonalInformation (Free, Pro, AccountID) values (true, false, 43);
insert into PersonalInformation (Free, Pro, AccountID) values (false, true, 44);
insert into PersonalInformation (Free, Pro, AccountID) values (true, false, 45);
insert into PersonalInformation (Free, Pro, AccountID) values (true, false, 46);
insert into PersonalInformation (Free, Pro, AccountID) values (false, true, 47);
insert into PersonalInformation (Free, Pro, AccountID) values (true, false, 48);
insert into PersonalInformation (Free, Pro, AccountID) values (true, false, 49);
insert into PersonalInformation (Free, Pro, AccountID) values (true, false, 50);
insert into PersonalInformation (Free, Pro, AccountID) values (false, true, 51);
insert into PersonalInformation (Free, Pro, AccountID) values (false, true, 52);
insert into PersonalInformation (Free, Pro, AccountID) values (false, true, 53);
insert into PersonalInformation (Free, Pro, AccountID) values (true, false, 54);
insert into PersonalInformation (Free, Pro, AccountID) values (true, false, 55);
insert into PersonalInformation (Free, Pro, AccountID) values (false, true, 56);
insert into PersonalInformation (Free, Pro, AccountID) values (true, false, 57);
insert into PersonalInformation (Free, Pro, AccountID) values (false, true, 58);
insert into PersonalInformation (Free, Pro, AccountID) values (true, false, 59);
insert into PersonalInformation (Free, Pro, AccountID) values (false, true, 60);
insert into PersonalInformation (Free, Pro, AccountID) values (false, true, 61);
insert into PersonalInformation (Free, Pro, AccountID) values (false, true, 62);
insert into PersonalInformation (Free, Pro, AccountID) values (true, false, 63);
insert into PersonalInformation (Free, Pro, AccountID) values (true, false, 64);
insert into PersonalInformation (Free, Pro, AccountID) values (false, true, 65);
insert into PersonalInformation (Free, Pro, AccountID) values (true, false, 66);
insert into PersonalInformation (Free, Pro, AccountID) values (false, true, 67);
insert into PersonalInformation (Free, Pro, AccountID) values (true, false, 68);
insert into PersonalInformation (Free, Pro, AccountID) values (true, false, 69);
insert into PersonalInformation (Free, Pro, AccountID) values (false, true, 70);


create table PersonalInformation (
	PersonalID INT,
	Name VARCHAR(50),
	DOB DATE,
	UserID INT
);
insert into PersonalInformation (PersonalID, Name, DOB, UserID) values (3198, 'Sansone Jirousek', '2015-03-03 12:52:05', 1);
insert into PersonalInformation (PersonalID, Name, DOB, UserID) values (9567, 'Ilse Steeden', '2022-02-19 04:44:37', 2);
insert into PersonalInformation (PersonalID, Name, DOB, UserID) values (7934, 'Ced Hoffman', '2014-05-27 01:48:49', 3);
insert into PersonalInformation (PersonalID, Name, DOB, UserID) values (6334, 'Ruperta Murphey', '2016-08-08 09:33:08', 4);
insert into PersonalInformation (PersonalID, Name, DOB, UserID) values (5269, 'Billi Carnduff', '2016-10-02 17:49:14', 5);
insert into PersonalInformation (PersonalID, Name, DOB, UserID) values (4942, 'Sherill Rahill', '2016-09-22 15:11:20', 6);
insert into PersonalInformation (PersonalID, Name, DOB, UserID) values (4725, 'Jannelle Castles', '2024-08-16 08:24:48', 7);
insert into PersonalInformation (PersonalID, Name, DOB, UserID) values (4389, 'Bobby Avey', '2018-06-15 18:54:43', 8);
insert into PersonalInformation (PersonalID, Name, DOB, UserID) values (5184, 'Raquel Mains', '2018-10-18 07:14:21', 9);
insert into PersonalInformation (PersonalID, Name, DOB, UserID) values (2075, 'Emmy Niven', '2023-06-25 17:30:21', 10);
insert into PersonalInformation (PersonalID, Name, DOB, UserID) values (5205, 'Beaufort Waud', '2023-01-03 14:19:55', 11);
insert into PersonalInformation (PersonalID, Name, DOB, UserID) values (3016, 'Amos Grodden', '2020-12-28 13:04:00', 12);
insert into PersonalInformation (PersonalID, Name, DOB, UserID) values (2152, 'Pinchas Girdwood', '2019-02-01 06:38:21', 13);
insert into PersonalInformation (PersonalID, Name, DOB, UserID) values (1746, 'Aili Wagstaffe', '2020-01-02 23:32:15', 14);
insert into PersonalInformation (PersonalID, Name, DOB, UserID) values (4608, 'Harrietta Castellaccio', '2018-05-03 01:39:12', 15);
insert into PersonalInformation (PersonalID, Name, DOB, UserID) values (7175, 'Elsi Castanho', '2016-06-04 21:48:54', 16);
insert into PersonalInformation (PersonalID, Name, DOB, UserID) values (7642, 'Gerianne Scard', '2022-11-09 19:25:59', 17);
insert into PersonalInformation (PersonalID, Name, DOB, UserID) values (9812, 'Corey Haskew', '2023-08-19 12:58:28', 18);
insert into PersonalInformation (PersonalID, Name, DOB, UserID) values (8991, 'Goddart Bentley', '2024-05-22 21:34:40', 19);
insert into PersonalInformation (PersonalID, Name, DOB, UserID) values (2115, 'Angie Goodnow', '2018-08-16 02:36:22', 20);
insert into PersonalInformation (PersonalID, Name, DOB, UserID) values (8612, 'Noak Tander', '2021-05-03 08:34:28', 21);
insert into PersonalInformation (PersonalID, Name, DOB, UserID) values (6580, 'Lora Gurge', '2017-11-18 19:38:19', 22);
insert into PersonalInformation (PersonalID, Name, DOB, UserID) values (1476, 'Clemmie Schule', '2023-01-03 22:24:37', 23);
insert into PersonalInformation (PersonalID, Name, DOB, UserID) values (5281, 'Harriette Toolan', '2024-05-26 00:13:13', 24);
insert into PersonalInformation (PersonalID, Name, DOB, UserID) values (8498, 'Ritchie Tiernan', '2018-10-19 08:53:42', 25);
insert into PersonalInformation (PersonalID, Name, DOB, UserID) values (3149, 'Fanny Raleston', '2020-06-07 18:01:45', 26);
insert into PersonalInformation (PersonalID, Name, DOB, UserID) values (6950, 'Blithe Tomley', '2015-08-03 03:31:24', 27);
insert into PersonalInformation (PersonalID, Name, DOB, UserID) values (1859, 'Johannes Caswill', '2017-08-04 08:06:17', 28);
insert into PersonalInformation (PersonalID, Name, DOB, UserID) values (9951, 'Cammy Boyington', '2024-06-08 03:13:09', 29);
insert into PersonalInformation (PersonalID, Name, DOB, UserID) values (4212, 'Enrichetta Bader', '2017-12-22 11:02:39', 30);
insert into PersonalInformation (PersonalID, Name, DOB, UserID) values (8659, 'Evelina Tithecott', '2020-01-27 07:37:53', 31);
insert into PersonalInformation (PersonalID, Name, DOB, UserID) values (2348, 'Shem Artinstall', '2016-08-24 00:12:35', 32);
insert into PersonalInformation (PersonalID, Name, DOB, UserID) values (3038, 'Lorry Keig', '2018-03-22 06:56:40', 33);
insert into PersonalInformation (PersonalID, Name, DOB, UserID) values (642, 'Laure Foulstone', '2014-01-05 22:37:05', 34);
insert into PersonalInformation (PersonalID, Name, DOB, UserID) values (8656, 'Mick Splaven', '2014-10-15 02:10:13', 35);
insert into PersonalInformation (PersonalID, Name, DOB, UserID) values (8697, 'Katrine Battrum', '2014-03-16 17:25:58', 36);
insert into PersonalInformation (PersonalID, Name, DOB, UserID) values (6895, 'Rhoda Schout', '2018-08-13 02:28:11', 37);
insert into PersonalInformation (PersonalID, Name, DOB, UserID) values (763, 'Leshia Lorne', '2014-05-28 19:08:43', 38);
insert into PersonalInformation (PersonalID, Name, DOB, UserID) values (365, 'Sandor Lowndsborough', '2022-12-20 21:30:46', 39);
insert into PersonalInformation (PersonalID, Name, DOB, UserID) values (4563, 'Chilton Harness', '2019-08-05 02:53:15', 40);
insert into PersonalInformation (PersonalID, Name, DOB, UserID) values (312, 'Sawyer MacMechan', '2014-06-25 14:58:16', 41);
insert into PersonalInformation (PersonalID, Name, DOB, UserID) values (4342, 'Maudie MacCafferty', '2022-04-15 21:51:03', 42);
insert into PersonalInformation (PersonalID, Name, DOB, UserID) values (4723, 'Bevon Deeks', '2022-04-28 12:49:57', 43);
insert into PersonalInformation (PersonalID, Name, DOB, UserID) values (581, 'Joscelin Loweth', '2023-01-16 09:07:32', 44);
insert into PersonalInformation (PersonalID, Name, DOB, UserID) values (3489, 'Daveen Boobier', '2014-05-03 10:28:16', 45);
insert into PersonalInformation (PersonalID, Name, DOB, UserID) values (4604, 'Susette Pelz', '2014-04-23 22:58:35', 46);
insert into PersonalInformation (PersonalID, Name, DOB, UserID) values (1897, 'Roxi Dagon', '2019-09-28 04:12:12', 47);
insert into PersonalInformation (PersonalID, Name, DOB, UserID) values (5068, 'Bekki Rassell', '2023-03-09 00:24:57', 48);
insert into PersonalInformation (PersonalID, Name, DOB, UserID) values (913, 'Avivah Floyed', '2015-01-06 12:45:26', 49);
insert into PersonalInformation (PersonalID, Name, DOB, UserID) values (2097, 'Bard MacGorman', '2018-10-23 16:56:15', 50);
insert into PersonalInformation (PersonalID, Name, DOB, UserID) values (1656, 'Vin Grelak', '2019-12-30 11:06:49', 51);
insert into PersonalInformation (PersonalID, Name, DOB, UserID) values (9775, 'Elisha Bolsover', '2023-10-16 16:34:16', 52);
insert into PersonalInformation (PersonalID, Name, DOB, UserID) values (4727, 'Maressa Corradengo', '2024-01-20 23:04:06', 53);
insert into PersonalInformation (PersonalID, Name, DOB, UserID) values (8184, 'Ruthie Ridge', '2024-12-15 00:53:20', 54);
insert into PersonalInformation (PersonalID, Name, DOB, UserID) values (3073, 'Amalia Shearer', '2023-11-30 18:38:57', 55);
insert into PersonalInformation (PersonalID, Name, DOB, UserID) values (6763, 'Raphael Renfrew', '2018-08-10 08:32:35', 56);
insert into PersonalInformation (PersonalID, Name, DOB, UserID) values (5311, 'Cazzie Hemphall', '2014-10-31 23:42:59', 57);
insert into PersonalInformation (PersonalID, Name, DOB, UserID) values (3416, 'Granthem Ruzek', '2016-02-03 20:42:16', 58);
insert into PersonalInformation (PersonalID, Name, DOB, UserID) values (5122, 'Rori Hulance', '2018-06-06 08:37:40', 59);
insert into PersonalInformation (PersonalID, Name, DOB, UserID) values (8159, 'Johan Cockings', '2024-05-16 00:37:15', 60);
insert into PersonalInformation (PersonalID, Name, DOB, UserID) values (4267, 'Kalil Dulake', '2016-08-13 12:46:22', 61);
insert into PersonalInformation (PersonalID, Name, DOB, UserID) values (8719, 'Alexei Noe', '2022-05-30 00:12:37', 62);
insert into PersonalInformation (PersonalID, Name, DOB, UserID) values (8685, 'Micaela Hinkley', '2015-09-01 12:13:05', 63);
insert into PersonalInformation (PersonalID, Name, DOB, UserID) values (5299, 'Riva Asee', '2017-09-12 13:35:06', 64);
insert into PersonalInformation (PersonalID, Name, DOB, UserID) values (4686, 'Gennifer Boni', '2021-03-22 01:22:10', 65);
insert into PersonalInformation (PersonalID, Name, DOB, UserID) values (2508, 'Annadiana Dullingham', '2022-07-28 09:49:27', 66);
insert into PersonalInformation (PersonalID, Name, DOB, UserID) values (3846, 'Mellisa Smyth', '2024-09-10 17:23:09', 67);
insert into PersonalInformation (PersonalID, Name, DOB, UserID) values (7089, 'Norman Tickel', '2022-08-10 03:43:45', 68);
insert into PersonalInformation (PersonalID, Name, DOB, UserID) values (4527, 'Alejoa Pittham', '2020-09-10 00:09:05', 69);
insert into PersonalInformation (PersonalID, Name, DOB, UserID) values (703, 'Mikael Thompkins', '2016-04-12 17:37:09', 70);


create table Inputs (
	AppId INT,
	Popularity INT,
	ImportID INT
);
insert into Inputs (AppId, Popularity, ImportID) values (8401, 6608, 45);
insert into Inputs (AppId, Popularity, ImportID) values (6492, 1615, 39);
insert into Inputs (AppId, Popularity, ImportID) values (4771, 3387, 12);
insert into Inputs (AppId, Popularity, ImportID) values (5414, 4491, 44);
insert into Inputs (AppId, Popularity, ImportID) values (3372, 409, 30);
insert into Inputs (AppId, Popularity, ImportID) values (2780, 9129, 17);
insert into Inputs (AppId, Popularity, ImportID) values (6245, 6953, 56);
insert into Inputs (AppId, Popularity, ImportID) values (2312, 9935, 35);
insert into Inputs (AppId, Popularity, ImportID) values (891, 7435, 28);
insert into Inputs (AppId, Popularity, ImportID) values (2740, 7103, 33);
insert into Inputs (AppId, Popularity, ImportID) values (4389, 7316, 22);
insert into Inputs (AppId, Popularity, ImportID) values (1922, 7458, 24);
insert into Inputs (AppId, Popularity, ImportID) values (9147, 292, 8);
insert into Inputs (AppId, Popularity, ImportID) values (4811, 2782, 13);
insert into Inputs (AppId, Popularity, ImportID) values (5980, 5402, 2);
insert into Inputs (AppId, Popularity, ImportID) values (4878, 5824, 28);
insert into Inputs (AppId, Popularity, ImportID) values (7802, 6657, 54);
insert into Inputs (AppId, Popularity, ImportID) values (6366, 5150, 59);
insert into Inputs (AppId, Popularity, ImportID) values (4744, 6414, 63);
insert into Inputs (AppId, Popularity, ImportID) values (4767, 1048, 27);
insert into Inputs (AppId, Popularity, ImportID) values (1327, 1822, 64);
insert into Inputs (AppId, Popularity, ImportID) values (3924, 6898, 30);
insert into Inputs (AppId, Popularity, ImportID) values (7122, 3256, 22);
insert into Inputs (AppId, Popularity, ImportID) values (8200, 5612, 64);
insert into Inputs (AppId, Popularity, ImportID) values (6480, 1584, 49);
insert into Inputs (AppId, Popularity, ImportID) values (7695, 1360, 21);
insert into Inputs (AppId, Popularity, ImportID) values (8490, 5728, 48);
insert into Inputs (AppId, Popularity, ImportID) values (5652, 9182, 24);
insert into Inputs (AppId, Popularity, ImportID) values (746, 6222, 41);
insert into Inputs (AppId, Popularity, ImportID) values (8316, 6405, 31);
insert into Inputs (AppId, Popularity, ImportID) values (8327, 233, 65);
insert into Inputs (AppId, Popularity, ImportID) values (8025, 8610, 51);
insert into Inputs (AppId, Popularity, ImportID) values (5512, 1995, 28);
insert into Inputs (AppId, Popularity, ImportID) values (7845, 7689, 46);
insert into Inputs (AppId, Popularity, ImportID) values (1787, 4755, 29);
insert into Inputs (AppId, Popularity, ImportID) values (8863, 2795, 57);
insert into Inputs (AppId, Popularity, ImportID) values (5042, 9455, 36);
insert into Inputs (AppId, Popularity, ImportID) values (4096, 5695, 41);
insert into Inputs (AppId, Popularity, ImportID) values (6502, 4241, 33);
insert into Inputs (AppId, Popularity, ImportID) values (6299, 9962, 51);
insert into Inputs (AppId, Popularity, ImportID) values (1739, 6941, 63);
insert into Inputs (AppId, Popularity, ImportID) values (3852, 1301, 13);
insert into Inputs (AppId, Popularity, ImportID) values (6777, 4390, 42);
insert into Inputs (AppId, Popularity, ImportID) values (7181, 8518, 16);
insert into Inputs (AppId, Popularity, ImportID) values (5994, 7283, 61);
insert into Inputs (AppId, Popularity, ImportID) values (4763, 1906, 14);
insert into Inputs (AppId, Popularity, ImportID) values (1408, 2428, 23);
insert into Inputs (AppId, Popularity, ImportID) values (9242, 4261, 67);
insert into Inputs (AppId, Popularity, ImportID) values (5144, 3776, 12);
insert into Inputs (AppId, Popularity, ImportID) values (7733, 7525, 2);
insert into Inputs (AppId, Popularity, ImportID) values (9192, 2786, 14);
insert into Inputs (AppId, Popularity, ImportID) values (5540, 230, 8);
insert into Inputs (AppId, Popularity, ImportID) values (9319, 9821, 44);
insert into Inputs (AppId, Popularity, ImportID) values (8677, 4307, 20);
insert into Inputs (AppId, Popularity, ImportID) values (9027, 2627, 45);
insert into Inputs (AppId, Popularity, ImportID) values (5877, 8548, 11);
insert into Inputs (AppId, Popularity, ImportID) values (1557, 6478, 43);
insert into Inputs (AppId, Popularity, ImportID) values (51, 4344, 45);
insert into Inputs (AppId, Popularity, ImportID) values (6002, 1391, 52);
insert into Inputs (AppId, Popularity, ImportID) values (8782, 735, 16);
insert into Inputs (AppId, Popularity, ImportID) values (6034, 1020, 32);
insert into Inputs (AppId, Popularity, ImportID) values (8398, 6107, 30);
insert into Inputs (AppId, Popularity, ImportID) values (3191, 6434, 34);
insert into Inputs (AppId, Popularity, ImportID) values (6933, 1682, 9);
insert into Inputs (AppId, Popularity, ImportID) values (9154, 5004, 48);
insert into Inputs (AppId, Popularity, ImportID) values (4745, 5300, 70);
insert into Inputs (AppId, Popularity, ImportID) values (7475, 4174, 25);
insert into Inputs (AppId, Popularity, ImportID) values (1945, 9674, 17);
insert into Inputs (AppId, Popularity, ImportID) values (9019, 6374, 2);
insert into Inputs (AppId, Popularity, ImportID) values (5539, 8661, 22);


CREATE TABLE complaints (
    ComplaintID integer PRIMARY KEY,
    ComplaintText varchar(500),
    UserID integer,
    AppID integer,
    ComplaintDate DATE
);

INSERT INTO complaints (ComplaintID, ComplaintText, UserID, AppID, ComplaintDate) VALUES
(1, 'There are too many ads on this site', 101, 5, '2024-01-05'),
(2, 'App crashes when opening camera', 102, 3, '2024-01-07'),
(3, 'Login takes too long', 103, 2, '2024-01-08'),
(4, 'Notifications not working', 104, 1, '2024-01-10'),
(5, 'Profile picture won''t upload', 105, 4, '2024-01-12'),
(6, 'Search function is broken', 106, 5, '2024-01-15'),
(7, 'Too many spam messages', 107, 3, '2024-01-16'),
(8, 'Dark mode not working properly', 108, 2, '2024-01-18'),
(9, 'Battery drains too fast', 109, 1, '2024-01-20'),
(10, 'Can''t change password', 110, 4, '2024-01-22'),
(11, 'App freezes during video calls', 111, 5, '2024-01-25'),
(12, 'Too many permissions required', 112, 3, '2024-01-26'),
(13, 'Font size too small', 113, 2, '2024-01-28'),
(14, 'Messages not syncing', 114, 1, '2024-01-30'),
(15, 'Payment failed but money deducted', 115, 4, '2024-02-01'),
(16, 'Can''t delete account', 116, 5, '2024-02-03'),
(17, 'Too many fake profiles', 117, 3, '2024-02-05'),
(18, 'App logs me out randomly', 118, 2, '2024-02-07'),
(19, 'Video quality is poor', 119, 1, '2024-02-09'),
(20, 'Can''t update profile information', 120, 4, '2024-02-11'),
(21, 'App not available in my country', 121, 5, '2024-02-13'),
(22, 'Too much data usage', 122, 3, '2024-02-15'),
(23, 'Can''t block users', 123, 2, '2024-02-17'),
(24, 'App icon disappeared', 124, 1, '2024-02-19'),
(25, 'Two-factor authentication broken', 125, 4, '2024-02-21'),
(26, 'Too many push notifications', 126, 5, '2024-02-23'),
(27, 'App won''t remember login', 127, 3, '2024-02-25'),
(28, 'Can''t report bugs', 128, 2, '2024-02-27'),
(29, 'App takes too much storage', 129, 1, '2024-02-29'),
(30, 'Can''t change email address', 130, 4, '2024-03-02'),
(31, 'App overheats my phone', 131, 5, '2024-03-04'),
(32, 'Too many irrelevant suggestions', 132, 3, '2024-03-06'),
(33, 'Can''t delete messages', 133, 2, '2024-03-08'),
(34, 'App won''t open links', 134, 1, '2024-03-10'),
(35, 'Password reset not working', 135, 4, '2024-03-12'),
(36, 'App keeps asking for rating', 136, 5, '2024-03-14'),
(37, 'Can''t mute group chats', 137, 3, '2024-03-16'),
(38, 'App doesn''t support my device', 138, 2, '2024-03-18'),
(39, 'Too many steps to log out', 139, 1, '2024-03-20'),
(40, 'Can''t find privacy settings', 140, 4, '2024-03-22'),
(41, 'App won''t rotate screen', 141, 5, '2024-03-24'),
(42, 'Too many in-app purchases', 142, 3, '2024-03-26'),
(43, 'Can''t change notification sound', 143, 2, '2024-03-28'),
(44, 'App crashes when receiving calls', 144, 1, '2024-03-30'),
(45, 'Can''t disable read receipts', 145, 4, '2024-04-01'),
(46, 'App runs slow on my device', 146, 5, '2024-04-03'),
(47, 'Too many required updates', 147, 3, '2024-04-05'),
(48, 'Can''t share files properly', 148, 2, '2024-04-07'),
(49, 'App won''t remember preferences', 149, 1, '2024-04-09'),
(50, 'Can''t access help section', 150, 4, '2024-04-11');